IE_XML_ID;IE_NAME;IP_PROP45
5072;Спицы чулочные деревянные, Lana Grossa, 20 см, 3 мм;
5073;Спицы чулочные деревянные, Lana Grossa, 15 см, 2.5 мм;
5074;Спицы деревянные, Lana Grossa,80 см, 5.5 мм;
3518;Пряжа BBB Meriseta, меринос/шелк, 140 м/50 г.;
4241;Пряжа Baby Gioia, меринос, 187 м/50 г.;
4598;Пряжа BBB Zarra, меринос/акрил, 90 м/ 50 г.;
4610;Пряжа New Master, меринос/акрил, 125 м/50 г.;
4674;Пряжа BBB Soft Dream, мохер/шелк, 200 м/25 г;
4689;Пряжа BBB Full, меринос, 90 м/50 г.;
4824;Пряжа BBB Angora 70, ангора, полиамид, 125 м/25 г;
4882;Пряжа Portorico, шерсть/акрил/мохер/полиамид, 65 м/50 г.;
4913;Пряжа Setal, беби альпака/шелк, 155 м/25 г;
4919;Пряжа BBB Record, меринос, 175 м/50 г;
4921;Пряжа Premiere, меринос, 125 м/50 г.;
4933;Пряжа Mega Alpaca, альпака/шерсть/акрил, 80 м/100 г.;
3075;Пряжа Lana Gatto MAXI VIP, меринос экстрафайн/кашемир, 100 м/50 г;
3079;Пряжа Lana Gatto MAXI SOFT, меринос экстрафайн, 90 м/50 г;
3319;Пряжа Lana Gatto SILK MOHAIR LUX, суперкид мохер/шелк/полиамид/полиэстер, 210 м/25 г;
3894;Бобинная пряжа Lana Gatto Harmony, меринос, 1500 м/100 г;
4208;Пряжа Biagiolli Modesto Cash/Seta, кашемир/шелк, 325м/100 г;
4210;Пряжа Jaipur Cariaggi, кашемир/шелк, 2800 м/100 г;
4214;Пряжа Loro Piana, кашемир/шелк, 3000 м/100 г;
4216;Пряжа Botto Poala, кашемир/шелк, 3000 м/100 г;
4228;Пряжа Kork, меринос/ангора/шелк/полиамид/модаль, 466 м/100 г;
4400;Пряжа Lana Gatto Sugar, вискоза, 125 м/ 50 г;
4734;Пряжа Lana Gatto Lapponia 1000, шерсть/акрил, 100 м/100 г;
4770;Пряжа Lana Gatto Super Soft,  меринос, 125 м/50 г;
4838;Пряжа Lana Gatto English Tweed, меринос, 85 м/50 г;
4935;Пряжа Lana Gatto Lapponia 2000, меринос/акрил, 100 м/50 г.;
4942;Пряжа Lana Gatto Felix SW, меринос/акрил, 120 м/50 г;
4947;Пряжа Lana Gatto Feeling, меринос/шелк/кашемир, 140 м/ 50 г.;
4956;Пряжа Lana Gatto Ippocastano, шерсть/акрил, 60 м/ 50 г;
4371;Пряжа Alize Super Lana Klassic, шерсть/акрил, 280 м/100 г;
4379;Пряжа Alize Cotton Baby Soft, хлопок/акрил, 270 м/100 г;
2540;Коннекторы ChiaoGoo;
2572;"Набор ""Deluxe Set"" съемных спиц ""Nova cubics"", KnitPro, Индия";
2591;Спицы чулочные бамбуковые ChiaoGoo тёмные, 15 см, 2,25-10 мм;
2593;Спицы чулочные бамбуковые ChiaoGoo светлые, 13 см, 2-8 мм;
2878;Набор бамбуковых разъёмных спиц ChiaoGoo Complete, 13 см;
2879;Набор бамбуковых разъёмных спиц ChiaoGoo Complete, 10 см;
2880;Набор бамбуковых разъёмных спиц ChiaoGoo Small, 10 см;
2881;Съемные бамбуковые спицы ChiaoGoo SPIN Bamboo Tips, 13 см, 2.75-10 мм;
3011;Спицы круговые KnitPro Royale, 80 см, 3-12 мм;
3015;Спицы круговые KnitPro Symfonie, 100 см, 2-12 мм;
3018;Спицы чулочные KnitPro Royale, 20 cм, 2-8 мм;
3023;Набор деревянных носочных спиц 10 см Symfonie Wood KnitPro;
3038;Круговые металлические спицы ChiaoGoo RED Lace, 100 см, 1,5-15 мм;
3234;Набор съемных металлических спиц ChiaoGoo TWIST SHORTIES, 5 см и 8 см;
3441;Круговые бамбуковые спицы ChiaoGoo , 60 см, 1,5-15 мм;
3444;Набор бамбуковых разъёмных спиц ChiaoGoo Small, 13 см;
3445;Круговые металлические спицы ChiaoGoo RED Lace, 120 см, 1,5-15 мм;
3476;Тросик для съёмных спиц KnitPro , 80 см;
3477;Тросик для съёмных спиц KnitPro , 60 см;
3478;Спицы круговые KnitPro Cubics, 100 см, 3-8 мм;
3482;Спицы круговые KnitPro Symfonie, 120 см, 2-12 мм;
3531;Набор металлических разъёмных спиц ChiaoGoo Complete, 10 см;
3546;Набор чулочных спиц KnitPro Symfonie, 20 см;
3547;Набор съемных спиц KnitPro Cubics, Special Interchangeable Needle Set;
3548;Спицы круговые KnitPro Cubics, 80 см, 3-8 мм;
3554;Спицы круговые KnitPro Cubics, 60 см, 3-8 мм;
3564;Набор ультратонких разъёмных спиц ChiaoGoo Mini TWIST Set, 13 см;
3565;Съемные бамбуковые спицы ChiaoGoo SPIN Bamboo Tips, 10 см, 2.75-10 мм;
3617;Адаптеры ChiaoGoo (переходники);
3621;Стопперы ChiaoGoo;
3626;Набор металлических разъёмных спиц ChiaoGoo Small, 13 см;
3642;Леска ChiaoGoo SPIN, к бамбуковым спицам S, 20-125 см;
3646;Съемные металлические спицы ChiaoGoo TWIST Lace Tips, 13 см, 1,5-10 мм;
3662;Съемные металлические спицы ChiaoGoo TWIST Lace Tips, 10 см, 1,5-10 мм;
3675;Круговые металлические спицы ChiaoGoo Knit Red, 100 см, 2-8 мм;
3682;Круговые металлические спицы ChiaoGoo Knit Red, 80 см, 2-8 мм;
3694;Круговые металлические спицы ChiaoGoo Knit Red, 60 см, 2-8 мм;
3701;Круговые металлические спицы ChiaoGoo RED Lace, 80 см, 1,5-15 мм;
3758;Спицы чулочные KnitPro Cubics, 15 см, 2-4 мм;
3764;Спицы круговые KnitPro Symfonie, 60 см, 2-12 мм;
3771;Спицы чулочные KnitPro Karbonz, 20 см, 1-6 мм;
3777;Спицы чулочные KnitPro Karbonz, 15 см, 1 - 6 мм;
3784;Спицы круговые KnitPro Cubics, 40 см, 3-8 мм;
3788;Набор чулочных спиц KnitPro Karbonz, 15 см;
3789;Набор чулочных спиц KnitPro Karbonz, 20 см;
3790;Набор съемных спиц KnitPro Deluxe Set Cubics;
3791;Набор чулочных спиц KnitPro Royale, 20 см;
3792;Спицы круговые KnitPro Royale, 120 см, 3-12 мм;
3795;Спицы чулочные KnitPro Symfonie, 10 см, 2-4 мм;
4138;Спицы прямые KnitPro Zing, 30 см, 2-12 мм;
4144;Спицы прямые KnitPro Zing, 25 см, 2-12 мм;
4149;Набор деревянных носочных спиц 15 см Symfonie Wood KnitPro;
4156;Спицы круговые KnitPro Symfonie, 80 см, 2-12 мм;
4169;Спицы чулочные KnitPro Symfonie, 15 см, 2-8 мм;
4177;Набор чулочных спиц KnitPro Royale, 15 см;
4184;Набор съемных спиц KnitPro Royale Midi;
4191;Спицы съемные KnitPro Royale, 3-12 мм;
4196;Набор съемных спиц KnitPro Deluxe Zing;
4406;Круговые металлические спицы ChiaoGoo RED Lace, 40 см, 1,5-10 мм;
4413;Круговые металлические спицы ChiaoGoo RED Lace, 60 см, 1,5-15 мм;
4418;Круговые металлические спицы ChiaoGoo Knit Red, 30 см, 1.5-5 мм;
4424;Круговые металлические спицы ChiaoGoo Knit Red, 23 см, 1,5-5 мм;
4432;Круговые металлические спицы ChiaoGoo Knit Red, 40 см, 2-8 мм;
4440;"Спицы ChiaoGoo ""I love knitting"", 5,5-10 мм";
4442;"Спицы ChiaoGoo ""Find A Cure"", 4-10 мм";
4455;Набор металлических разъёмных спиц ChiaoGoo Complete, 13 см;
4473;Набор спиц ADDI CLICK LACE Long Tips;
4482;Набор спиц ADDI CLICK LACE Short Tips;
4534;Спицы чулочные KnitPro Zing, 20 см, 2-8 мм;
4549;Спицы чулочные KnitPro Zing, 15 см, 2-8 мм;
4556;Спицы чулочные KnitPro Royale, 15 cм, 2-8 мм;
4567;Спицы KnitPro Symfonie круговые, 40 см, 2-12 мм;
4582;Набор прямых спиц KnitPro Zing;
4841;Спицы Addi круговые, 40 см, 2.5-6.0 мм;
4855;Спицы Addi круговые, 120 см, 3-5 мм;
4988;Съемные металлические спицы ChiaoGoo TWIST SS Lace Tips, 8 см, [M], 1,5-10 мм;
2539;Набор тунисских крючков ChiaoGoo T-SPIN Bamboo, бамбук, 14,5 см;
3508;"Афганский крючок для вязания KnitPro ""Basix Aluminum"", 2-5 мм";
4516;"Крючок для вязания KnitPro ""Steel"", с черной ручкой и с золотистым наконечником, 0,5-1,75 мм";
4521;"Крючок для вязания KnitPro ""Aluminum"", серебристый, 2-12 мм";
4526;"Крючок для вязания KnitPro ""Aluminum"", золотистый, 2-12 мм";
4805;Крючок CLOVER SOFT TOUCH  0,5-6 мм;
2527;Журнал Lana Grossa Design Special № 5;
2570;"Журнал Lаna Grossa:Home N.68"" (на рус. языке), AW 2017/18";
2571;Журнал Lаna Grossa: Filati N.54;
2573;Книга 168 жаккардовых узоров;
2574;Книга Мелисса Липман  6000+ свитеров, джемперов и пуловеров. Универсальный конструктор для вязания любых моделей на все размеры;
2597;Уютная коллекция носков. Вяжем спицами;
2598;"Книга ""Rowan - 40 Years"", MEZ, Германия";
3454;Штефани Ван дер Линден Вязание на спицах Большая иллюстрированная энциклопедия;
3918;Журнал Lana Grossa: Filati Size + AW 2017/18;
3919;"Журнал ""Lana Grossa: Mann №8"" (на рус.языке), AW 2015/16";
3920;"Журнал ""Lana Grossa: Alpaca №1/17"" (на рус.языке), AW 2017/18";
3921;"Журнал ""Lаna Grossa: Linea Pura N.11";
4001;Книга. Ажурные шали, шарфы и пуловеры с винтажными мотивами. Спицы;
4002;Книга. Вяжем носочки. 3 простых методики. Волшебные узоры. Спицы;
4003;Библия носочков. Вяжем спицами и крючком. Более 65 проектов;
4004;Вяжем два носка одновременно. Круговые спицы;
4445;260 узоров спицами;
4837;Вязание без слез. Базовые техники и понятные схемы;
2515;Пряжа Mondial Emozione, 100% мериносовая шерсть, 540м/100г.;
2760;Пряжа Precious Yarn 250 от Filati, шелк,  250 м/50 г;
3193;Пряжа 100% Merino, меринос экстрафайн, 270 м/150 г;
3730;Пряжа Prince (Принц), королевская альпака, 175 м/50 г;
4052;Пряжа Nepal (Непал), беби альпака/беби як, 140 м/50 г;
4244;Пряжа Viscomerino, меринос/вискоза, 130 м/50 г.;
4254;Пряжа Betty, хлопок, 125 м/50 г.;
4257;Пряжа Alpa Plus, альпака/шерсть/полиамид, 250 м/50 г;
4358;Пряжа Stellato, полиамид/пайетки, 240 м/50 г;
4361;Пряжа Chal, вискоза, 666 м/100 г;
4491;Пряжа Baby Cotton, хлопок, 180 м/50 г;
4736;Пряжа Cortina, меринос/акрил, 115 м/50 г;
4849;Пряжа Cashmere Lux 300, кашемир, 300 м/50 г;
4874;Пряжа Superoyal - Kid Mohair,  кид мохер/полиамид, 240 м/25 г.;
4884;Пряжа Cashmere Lux, кашемир, 175 м/50 г;
4888;Пряжа Cielo Ecafil, суперкид мохер/шелк, 212 м/25 г;
4895;Пряжа Egitto, хлопок, 120 м/50 г;
3195;Пряжа Atomo, мериносовая шерсть/альпака/шелк, 116 м/50 г;
3199;Пряжа Oscar, шерсть/як, 116 м/50 г;
3245;Пряжа Bebe Alpaca Silk, беби альпака/шелк, 100 м/50 г;
4034;Пряжа Pamir (Памир), альпака/меринос, 88 м/50 г;
4048;Пряжа Palla (Палла), шерсть/альпака/шелк, 140 м/50 г;
4110;Пряжа Michell Sharm, беби альпака, 200 м/50 г;
4789;Пряжа Alpaca Silk, альпака/шелк, 150 м/50 г;
4794;Пряжа Alpaca Sprint, альпака/шерсть/акрил, 125 м/50 г;
4862;Пряжа Rustic, альпака, 200 м/50 г.;
4878;Пряжа Islay, альпака/шелк/полиамид, 120 м/100 г;
4852;Пряжа Yarn-Art Jeans (Джинс), хлопок/акрил, 160 м/50 г;
2809;Пряжа Drops Nord, альпака суперфайн/полиамид/шерсть высокогорной перуанской овцы, 170 м/50 г;
2823;Пряжа Drops Nepal, шерсть/альпака, 75 м/50 г;
3751;Пряжа Drops Karisma, шерсть, 100 м/50 г;
4086;Пряжа Drops Flora, шерсть/альпака, 210 м/50 г;
4218;Пряжа Drops Puna, альпака, 110 м/50 г;
4263;Пряжа Drops Lima, шерсть/альпака, 100 м/50 г;
4292;Пряжа Drops Merino Extra Fine, шерсть, 105 м/50 г;
4300;Пряжа Drops Melody, альпака/шерсть/полиамид, 140 м/50 г;
4309;Пряжа Drops Brushed Alpaca Silk, альпака, шёлк, 140 м/25 г;
4323;Пряжа Drops Big Merino, шерсть, 75 м/50 г;
4331;Пряжа Drops Air, альпака/полиамид/шерсть, 150 м/50 г;
4367;Пряжа DROPS Safran, хлопок, 160/50 г;
4605;Пряжа DROPS Belle, хлопок/вискоза/лен, 120 м/50 г;
4830;Пряжа Drops Kid Silk, мохер/шелк, 200 м/25 г;
4846;Пряжа Drops Cotton Merino, шерсть/хлопок, 110 м/50 г;
2899;Носочная пряжа Lana Grossa MEILENWEIT Comfort, шерсть/полиамид/вискоза, 400 м/100 г;
2908;Носочная пряжа Lana Grossa MEILENWEIT Eleganza, шерсть/полиамид/акрил/полиэстер, 200 м/50 г;
3031;Носочная пряжа Lana Grossa MEILENWEIT, шерсть/полиамид, 420 м/100 г;
3142;Носочная пряжа Lana Grossa MEILENWEIT LATE NIGHT, шерсть/полиамид, 200 м/50 г;
3151;Носочная пряжа Lana Grossa MEILENWEIT Glamy, шерсть/полиамид/полиэстер, 380 м/100 г;
3235;Пряжа Lana Grossa Bingo, мериносовая шерсть, 80 м/50 г;
3237;Пряжа Lana Grossa Superbingo, мериносовая шерсть, 55 м/50 г;
3239;Пряжа Lana Grossa Gap, шерсть/микрофибра/полиамид, 65 м/50 г;
3241;Пряжа Lana Grossa Cashcot, хлопок/кашемир, 130 м/50 г;
3243;Пряжа Lana Grossa Ragazza, мериносовая шерсть, 40 м/50 г;
3375;Пряжа Lana Grossa Collino, хлопок/лён/вискоза/полиэстер, 135 м/50 г;
3381;Пряжа Lana Grossa Alpaca Peru 100, альпака, 100 м/50 г;
3384;Пряжа Lana Grossa Ecopuno, хлопок/мериносовая шерсть/альпака, 215 м/50 г;
3388;Пряжа Lana Grossa Solo Lino (Linea Pura),  переработанный лён (вискоза)/лён, 120 м/50 г;
3420;Пряжа Lana Grossa OLYMPIA Alpaca, шерсть/акрил/альпака, 100 м/100 г;
3422;Пряжа Lana Grossa Solo Lino Melange (Linea Pura),  переработанный лён (вискоза)/лён, 105 м/50 г;
3427;Пряжа Lana Grossa CASHSETA (Linea Pura), модал/полиамид/шелк/кашемир, 100 м/50 г;
3718;Пряжа Lana Grossa Sades of Alpaca Silk, меринос/альпака/шелк, 680 м/200 г;
3723;Пряжа Lana Grossa Sades of Merino Cotton, хлопок/меринос, 760 м/200 г;
3741;Пряжа Lana Grossa Silkhair Pailettes, мохер/шелк/шерсть/пайетки, 155 м/25 г;
3922;Носочная пряжа Lana Grossa MEILENWEIT Fantasy, шерсть/полиамид, 420 м/100 г;
3928;Носочная пряжа Lana Grossa MEILENWEIT Colorado, шерсть/полиамид, 420 м/100 г;
3935;Носочная пряжа Lana Grossa MEILENWEIT Boots, шерсть/полиамид, 420 м/100 г;
3942;Пряжа Lana Grossa SILKHAIR Degradé, мохер/шелк, 400 м/50 г;
3956;Пряжа Lana Grossa SILKHAIR Print, мохер/шелк, 420 м/50 г;
3965;Пряжа Lana Grossa CASHSILK (Linea Pura), полиамид/бамбук/шелк/кашемир, 75 м/50 г;
3969;Пряжа Lana Grossa CASHSILK (Linea Pura), полиамид/бамбук/шелк/кашемир, 75 м/50 г;
3975;Пряжа Lana Grossa LOVELY (lala BERLIN), альпака/кашемир/меринос/полиамид, 90 м/ 50 г;
3979;Пряжа Lana Grossa FLUFFY (lala BERLIN), шерсть/полиамид/альпака/мохер, 130 м/ 50 г;
3984;Пряжа Lana Grossa LACE Merino Degradé, меринос, 400 м/ 50 г;
4259;Пряжа Lana Grossa DIVINO, хлопок/вискоза, 110 м/50 г;
4261;Пряжа Lana Grossa CLASSICO, хлопок, 110 м/50 г;
4618;Lana Grossa LACE SETA degrade, альпака/шелк, 250 м/ 50 г;
4620;Пряжа Lana Grossa Merino Air, меринос/полиамид, 130 м/ 50 г;
4624;Пряжа Lana Grossa Bingo Alpaca Multi, меринос/альпака, 70 м/ 50 г;
4626;Lana Grossa Yak Merino;
4753;Пряжа Lana Grossa ASCOT, шерсть/вискоза/альпака, 120 м/50 г;
4757;Пряжа Lana Grossa COSY, альпака/шерсть/нейлон, 105 м/50 г;
4759;Пряжа Lana Grossa SILKHAIR, мохер/шелк, 200 м/25 г;
4973;Носочная пряжа Lana Grossa MEILENWEIT Soja soft, шерсть/полиамид/вискоза (соя), 400м/100г;
4129;Пряжа Рафия Eco Andaria (hamanaka), вискоза, 80 м/40 г;
4829;Natura, шерсть/вискоза/хлопок/альпака/мохер, 100 м/50 г;
2506;Бобинная пряжа Fashion Mill spa art. GOLFINO TINTO, хлопок/лён/полиакрил 750 м/100 г;
2507;Бобинная пряжа Fashion Mill spa art. GOLF, хлопок/лён/полиакрил 375 м/100 г;
2508;Бобинная пряжа Lane Rossi Amico Soft , 100% меринос, 1500 м/100 г;
2509;Бобинная пряжа Lane Rossi Amico Soft , 100% меринос, 1500 м/100 г;
2510;Бобинная пряжа Lane Rossi Amico Soft , 100% меринос, 1500 м/100 г;
2511;Бобинная пряжа Lane Rossi Amico Soft , 100% меринос, 1500 м/100 г;
2512;Бобинная пряжа Hasegawa art. Cactus Хаки 100% хлопок 320 м/100 гр;
2513;Бобинная пряжа Loro Piana art. Cashpima, хлопок/кашемир, 1660 м/100 г;
2514;Бобинная пряжа Loro Piana art. Cashpima, хлопок/кашемир, 1660 м/100 г;
2526;Бобинная пряжа Loro Piana art. Sauvage Fine, 70% меринос, 30% кашемир, 700 м/100 г;
2528;Бобинная пряжа Loro Piana art. Exodus, 100% шелк, 500 м/100 г;
2529;Бобинная пряжа Profilo SNC art. Giulia, 60% шелк, 40% мохер, 500м/100г.;
2530;Бобинная пряжа Profilo SNC art. Giulia, 60% шелк, 40% мохер, 500м/100г.;
2531;Бобинная пряжа Peruvian Yarns, art. BABY SILK PRINT 70% Baby Alpaca, 12% Silk, 18% PA 1250 м/100 г;
2532;Бобинная пряжа Peruvian Yarns, art. BABY SILK PRINT 70% Baby Alpaca, 12% Silk, 18% PA 1250 м/100 г;
2533;Бобинная пряжа Loro Piana, art. FULLNESS, 70% кашемир, 30% шелк, 550м/100г;
2534;Бобинная пряжа Loro Piana, art. FULLNESS, 70% кашемир, 30% шелк, 550м/100г;
2535;Бобинная пряжа Loro Piana, art. FULLNESS, 70% кашемир, 30% шелк, 550м/100г;
2536;Бобинная пряжа Loro Piana, art. FULLNESS, 70% кашемир, 30% шелк, 550м/100г;
2537;Бобинная пряжа Loro Piana, art. FULLNESS, 70% кашемир, 30% шелк, 550м/100г;
2538;Бобинная пряжа Filati Rowan art. Obsession, 34% кид мохер, 16% шерсть, 42% ПА, 8% пайетки, 290 м/100 г;
2544;Бобинная пряжа Zegna Baruffa Lane Borgosesia art. Baba, меринос/кашемир, 1500 м/100 г;
2545;Бобинная пряжа Loro Piana art. Coarsehair, 100% кашемир, 550 м/100 г;
2546;Бобинная пряжа Lamora Lanecardate, 75% меринос, 25% ангора, 1600 м/100гр;
2547;Бобинная пряжа Zegna Baruffa Lane Borgosesia art. Baba, меринос/кашемир, 300 м/100 г;
2548;Бобинная пряжа Zegna Baruffa Lane Borgosesia art. Baba, меринос/кашемир, 300 м/100 г;
2549;Бобинная пряжа G&G Filati art. Revieve, 100% кашемир, 625 м/100 г;
2550;Бобинная пряжа Loro Piana art. Papiro Fine, хлопок, 500 м/100 г;
2551;Бобинная пряжа Loro Piana art. Papiro Fine, хлопок, 500 м/100 г;
2552;Бобинная пряжа Loro Piana art. Papiro Fine, хлопок, 500 м/100 г;
2553;Бобинная пряжа Profilo SNC, меринос/мохер, 500 м/100 г;
2554;Бобинная пряжа Profilo SNC, меринос/мохер, 500 м/100 г;
2555;Бобинная пряжа Profilo SNC, меринос/мохер, 500 м/100 г;
2556;Бобинная пряжа Profilo SNC, меринос/мохер, 500 м/100 г;
2557;Бобинная пряжа Brunello Cucinelli art. Cashmere, 100% кашемир, 500 м/100 г;
2558;Бобинная пряжа Loro Piana art. CLAN, кашемир/мохер, 375 м/100 г;
2559;Бобинная пряжа Loro Piana art. CLAN, кашемир/мохер, 375 м/100 г;
2560;Бобинная пряжа Loro Piana art. CLAN, кашемир/мохер, 375 м/100 г;
2561;Бобинная пряжа Loro Piana art. CLAN, кашемир/мохер, 375 м/100 г;
2562;Бобинная пряжа Loro Piana art. CLAN, кашемир/мохер, 350 м/100 г;
2563;Бобинная пряжа  Filati Naturali art. Mongolian, пух верблюжонка/кашемир, 280 м/100 г;
2564;Бобинная пряжа Brunello Cucinelli art. Cashmere, 100% кашемир, 500 м/100 г;
2565;Бобинная пряжа Brunello Cucinelli art. Cashmere, 100% кашемир, 500 м/100 г;
2566;Бобинная пряжа Brunello Cucinelli art. Cashmere, 100% кашемир, 500 м/100 г;
2567;Бобинная пряжа Brunello Cucinelli art. Cashmere, 100% кашемир, 500 м/100 г;
2569;Бобинная пряжа Brunello Cucinelli art. Cashmere, 100% кашемир, 500 м/100 г;
2599;Бобинная пряжа Sporty от Casa del filato prato-italy, 90% меринос, 10% кашемир,Синий, 2500 м/100 гр;
2600;Бобинная пряжа Loro Piana art. Cash/Seta, 81% кашемир 19% шелк, 470 м/100 г;
2601;Бобинная пряжа Loro Piana art. Coarsehair, 100% кашемир, 550 м/100 г;
2602;Бобинная пряжа Merino Lambswool 17/2  850 м/100 г;
2603;Бобинная пряжа Loro Piana Cablelight Cashme, кашемир, 660 м/100 г;
2604;Бобинная пряжа Loro Piana art. New Tweed Coarsehair, 100% кашемир, 700 м/100 г;
2605;Бобинная пряжа Loro Piana art. Coarsehair, 100% кашемир, 550 м/100 г;
2606;Бобинная пряжа Loro Piana art. Coarsehair, 100% кашемир, 550 м/100 г;
2607;Бобинная пряжа Loro Piana art. Coarsehair, 100% кашемир, 550 м/100 г;
2608;Бобинная пряжа Loro Piana art. Coarsehair, 100% кашемир, 550 м/100 г;
2609;Бобинная пряжа G&G Filati art. Revieve, 100% кашемир, 625 м/100 г;
2610;Бобинная пряжа G&G Filati art. Revieve, 100% кашемир, 625 м/100 г;
2611;Бобинная пряжа G&G Filati art. Revieve, 100% кашемир, 625 м/100 г;
2612;Бобинная пряжа G&G Filati art. Revieve, 100% кашемир, 625 м/100 г;
2613;Бобинная пряжа G&G Filati art. Revieve, 100% кашемир, 625 м/100 г;
2614;Бобинная пряжа Moniapai, полиэстер/хлопок/акрил/нейлон/пайетки, 380 м/100 гр;
2615;Бобинная пряжа Moniapai, полиэстер/хлопок/акрил/нейлон/пайетки, 380 м/100 гр;
2616;Бобинная пряжа Moniapai, полиэстер/хлопок/акрил/нейлон/пайетки, 380 м/100 гр;
2617;Бобинная пряжа Diva, 250 м/100 гр;
2618;Бобинная пряжа Cariaggi art. PIUMA, кашемир, 320 м/100 г;
2619;Бобинная пряжа Cariaggi art. PIUMA, кашемир, 320 м/100 г;
2620;Бобинная пряжа Casa del Filato Prato art. Maya, кашемир/шерсть, 466 м/100 г;
2621;Бобинная пряжа G&G Filati art. Arcobaleno, хлопок, примерно 350 м/100 г;
2622;Бобинная пряжа G&G Filati art. Arcobaleno, хлопок, примерно 350 м/100 г;
2623;Бобинная пряжа G&G Filati art. Arcobaleno, хлопок, примерно 350 м/100 г;
2624;Бобинная пряжа Casa del Filato Prato art. Maya, кашемир/шерсть, 466 м/100 г;
2625;Бобинная пряжа Tollegno 1900 art. Harmony, меринос экстрафайн, 1500 м/100 г;
2626;Бобинная пряжа Tollegno 1900 art. Harmony, меринос экстрафайн, 1500 м/100 г;
2627;Бобинная пряжа Zegna Baruffa Lane Borgosesia art. Baba, меринос/кашемир, 1500 м/100 г;
2628;Бобинная пряжа Zegna Baruffa Lane Borgosesia art. Baba, меринос/кашемир, 1500 м/100 г;
2629;Бобинная пряжа Zegna Baruffa Lane Borgosesia art. Baba, меринос/кашемир, 1500 м/100 г;
2630;Бобинная пряжа Zegna Baruffa Lane Borgosesia art. Baba, меринос/кашемир, 1500 м/100 г;
2631;Бобинная пряжа Zegna Baruffa Lane Borgosesia art. Baba, меринос/кашемир, 1500 м/100 г;
2632;Бобинная пряжа Lineapiu art. SUAMI, вискоза/лен/хлопок, 1600 м/100 гр;
2633;Бобинная пряжа Lineapiu art. SUAMI, вискоза/лен/хлопок, 1600 м/100 гр;
2634;Бобинная пряжа Lineapiu art. SUAMI, вискоза/лен/хлопок, 1600 м/100 гр;
2635;Бобинная пряжа Lineapiu art. SUAMI, вискоза/лен/хлопок, 1600 м/100 гр;
2636;Бобинная пряжа Lineapiu art. SUAMI, вискоза/лен/хлопок, 1600 м/100 гр;
2637;Бобинная пряжа Lineapiu art. SUAMI, вискоза/лен/хлопок, 1600 м/100 гр;
2638;Бобинная пряжа Lineapiu art. SUAMI, вискоза/лен/хлопок, 1600 м/100 гр;
2639;Бобинная пряжа Lineapiu art. SUAMI, вискоза/лен/хлопок, 1600 м/100 гр;
2640;Бобинная пряжа Lineapiu art. SUAMI, вискоза/лен/хлопок, 1600 м/100 гр;
2641;Бобинная пряжа Lineapiu art. SUAMI, вискоза/лен/хлопок, 1600 м/100 гр;
2642;Бобинная пряжа Tollegno 1900 art. Harmony, меринос экстрафайн, 1500 м/100 г;
2643;Бобинная пряжа Zegna Baruffa Lane Borgosesia art. Baba, меринос/кашемир, 1500 м/100 г;
2644;Бобинная пряжа Paillettes, нейлон/полиэстер, 800 м/100 гр;
2645;Бобинная пряжа G&G Filati art. Arcobaleno, хлопок, примерно 350 м/100 г;
2646;Бобинная пряжа Loro Piana art. CLAN, кашемир/мохер, 350 м/100 г;
2647;Бобинная пряжа Loro Piana art. NEW MIRASOFT, кашемир/шелк, 300 м/100 г;
2648;Бобинная пряжа Biagioli Modesto art. Cash.30,  Меринос 70% Кашемир 30% бобина / Синий меланж, 1300 м/100 г;
2649;Бобинная пряжа Filitaly lab art. Quipa, альпака, 1400 м/100 г;
2650;Бобинная пряжа Lafil spa art. Love Alpaca, альпака/шерсть, 1250 м/100 г;
2651;Бобинная пряжа Loro Piana art. OASI, лен/кашемир/шелк, 1200 м/100 гр;
2652;Бобинная пряжа Loro Piana art. OASI, лен/кашемир/шелк, 1200 м/100 гр;
2653;Бобинная пряжа Loro Piana art. OASI, лен/кашемир/шелк, 1200 м/100 гр;
2654;Бобинная пряжа Loro Piana art. OASI, лен/кашемир/шелк, 1200 м/100 гр;
2655;Бобинная пряжа COFIL art. PERALUX, хлопок/металлизированная нить/нейлон, 120 м/100 г;
2656;Бобинная пряжа COFIL art. PERALUX, хлопок/металлизированная нить/нейлон, 120 м/100 г;
2657;Бобинная пряжа Lineapiu art. FIOCCO, меринос/ангора/нейлон/эластан, 550 м/100 г;
2658;Бобинная пряжа Lineapiu art. FIOCCO, меринос/ангора/нейлон/эластан, 550 м/100 г;
2659;Бобинная пряжа Cariaggi art. Nirvana, кашемир/шелк, 1100 м/100 г;
2660;Бобинная пряжа Premiere от Filati Naturali, ангора/кашемир/шелк/вискоза, 400 м/100 г;
2661;Бобинная пряжа  Summer Yak от Filati, як/хлопок/шерсть/полиамид, 220 м/100 г;
2665;Бобинная пряжа Trilogia от Filati, беби альпака/кашемир/шелк, 400 м/100 г;
2666;Бобинная пряжа Nabucco от Filati, альпака/шерсть/ПА, 250 м/100 г;
2667;Бобинная пряжа  Silk Catenella от Filati, шёлк, 330 м/100 г;
2668;Бобинная пряжа  Simbiosi от Filati, як/кашемир, 400 м/100 г;
2669;Бобинная пряжа  Mongolian от Filati, як/кашемир, 600 м/100 г;
2670;Бобинная пряжа  Mongolian от Filati, пух верблюжонка /кашемир, 280 м/100 г;
2671;Бобинная пряжа  Mongolian от Filati, як/кашемир, 600 м/100 г;
2672;Бобинная пряжа  Alaska от Filati, як/шёлк/шерсть/полиамид, 220 м/100 г;
2673;Бобинная пряжа  Alaska от Filati, як/шёлк/шерсть/полиамид, 220 м/100 г;
2674;Бобинная пряжа  Hasegawa art. Enju, меринос/шелк/кашемир/нейлон, 375 м/100 г;
2675;Бобинная пряжа  Hasegawa art. Enju, меринос/шелк/кашемир/нейлон, 375 м/100 г;
2676;Бобинная пряжа  Hasegawa art. Enju, меринос/шелк/кашемир/нейлон, 375 м/100 г;
2677;Бобинная пряжа  Hasegawa art. Enju, меринос/шелк/кашемир/нейлон, 375 м/100 г;
2678;Бобинная пряжа Loro Piana art. OASI, лен/кашемир/шелк, 1200 м/100 гр;
2679;Бобинная пряжа Lineapiu art. SUAMI, вискоза/лен/хлопок, 1600 м/100 гр;
2680;Бобинная пряжа Lineapiu art. BRIZ MEL, меринос/альпака/мохер/акрил, 750 м/100 г;
2681;Бобинная пряжа E.Miroglio art. FLEECE, меринос/полиамид, 390 м/100 г;
2682;Бобинная пряжа IAFIL spa art. WARP, альпака/меринос/акрил, 190 м/100 г;
2683;Бобинная пряжа Lineapiu art. FIOCCO, меринос/ангора/нейлон/эластан, 550 м/100 г;
2684;Бобинная пряжа Lineapiu art. FIOCCO, меринос/ангора/нейлон/эластан, 550 м/100 г;
2685;Бобинная пряжа Loro Piana art. New Tweed Coarsehair, 100% кашемир, 700 м/100 г;
2686;Бобинная пряжа Loro Piana art. New Tweed Coarsehair, 100% кашемир, 700 м/100 г;
2687;Бобинная пряжа Loro Piana art. New Tweed Coarsehair, 100% кашемир, 700 м/100 г;
2688;Бобинная пряжа Loro Piana art. Coarsehair, 100% кашемир, 550 м/100 г;
2689;Бобинная пряжа Ангора от Profilo SNC, ангора/кашемир, 350 м/100 г;
2690;Бобинная пряжа Ангора от Profilo SNC, ангора/кашемир, 350 м/100 г;
2691;Бобинная пряжа Ангора от Profilo SNC, ангора/кашемир, 350 м/100 г;
2692;Бобинная пряжа Loro Piana art. Cashpima, хлопок/кашемир, 1660 м/100 г;
2693;Бобинная пряжа Loro Piana art. Cashpima, хлопок/кашемир, 1660 м/100 г;
2694;Бобинная пряжа Loro Piana art. Cashpima, хлопок/кашемир, 1660 м/100 г;
2695;Бобинная пряжа Loro Piana art. Cashpima, хлопок/кашемир, 1660 м/100 г;
2696;Бобинная пряжа Loro Piana art. Cashpima, хлопок/кашемир, 1660 м/100 г;
2697;Бобинная пряжа Люрекс, полиэстер, 700 м/100 г;
2698;Бобинная пряжа Люрекс, полиэстер;
2702;Бобинная пряжа Люрекс, полиэстер;
2703;Бобинная пряжа Люрекс, полиэстер;
2704;Бобинная пряжа Люрекс, полиэстер;
2705;Бобинная пряжа Люрекс, полиэстер;
2706;Бобинная пряжа Люрекс, полиэстер;
2707;Бобинная пряжа Viaggiare от Gruppo filpucci, меринос/вискоза/ангора/кашемир/нейлон, 1500 м/100 г;
2708;Бобинная пряжа Loro Piana art. Sauvage, меринос/кашемир, 250 м/100 г;
2709;Бобинная пряжа Loro Piana art. Sauvage, меринос/кашемир, 250 м/100 г;
2710;Бобинная пряжа Loro Piana art. Sauvage, меринос/кашемир, 250 м/100 г;
2711;Бобинная пряжа Loro Piana art. Sauvage, меринос/кашемир, 250 м/100 г;
2712;Бобинная пряжа Loro Piana art. Sauvage, меринос/кашемир, 250 м/100 г;
2713;Бобинная пряжа Paillettes, нейлон/полиэстер, 800 м/100 гр;
2714;Бобинная пряжа Paillettes, нейлон/полиэстер, 800 м/100 гр;
2715;Бобинная пряжа Paillettes, нейлон/полиэстер, 800 м/100 гр;
2716;Бобинная пряжа Paillettes, нейлон/полиэстер, 800 м/100 гр;
2717;Бобинная пряжа Dorotex от Filatura Papi Fabio, меринос/кашемир, 2000 м/100 гр;
2718;Бобинная пряжа Dorotex от Filatura Papi Fabio, меринос/кашемир, 2000 м/100 гр;
2719;Бобинная пряжа Dorotex от Filatura Papi Fabio, меринос/кашемир, 2000 м/100 гр;
2720;Бобинная пряжа Dorotex от Filatura Papi Fabio, меринос/кашемир, 2000 м/100 гр;
2721;Бобинная пряжа Dorotex от Filatura Papi Fabio, меринос/кашемир, 2000 м/100 гр;
2722;Бобинная пряжа Dorothy от Filatura Papi Fabio, меринос/кашемир, 2000 м/100 гр;
2723;Бобинная пряжа Dorotex от Filatura Papi Fabio, меринос/кашемир, 2000 м/100 гр;
2724;Бобинная пряжа Dorotex от Filatura Papi Fabio, меринос/кашемир, 2000 м/100 гр;
2725;Бобинная пряжа Loro Piana art. Breeze, кашемир/меринос/шелк, 1200 м/100 г;
2726;Бобинная пряжа Loro Piana art. Breeze, кашемир/меринос/шелк, 1200 м/100 г;
2727;Бобинная пряжа Loro Piana art. Breeze, кашемир/меринос/шелк, 1200 м/100 г;
2728;Бобинная пряжа Loro Piana art. Breeze, кашемир/меринос/шелк, 1200 м/100 г;
2729;Бобинная пряжа Loro Piana art. Breeze, кашемир/меринос/шелк, 1200 м/100 г;
2730;Бобинная пряжа Loro Piana art. Breeze, кашемир/меринос/шелк, 1200 м/100 г;
2731;Бобинная пряжа Ilaria S.R.L Calenzano FI Aurora 100, кидмохер/меринос/нейлон, 1000 м/100 гр;
2732;Бобинная пряжа Loro Piana art. Coarsehair, 100% кашемир, 550 м/100 г;
2752;Бобинная пряжа Softstar от Gruppo Filpucci, шерсть/акрил, 500 м/100 г;
2753;Бобинная пряжа Ilaria S.R.L Calenzano FI Aurora 100, кидмохер/меринос/нейлон, 1000 м/100 гр;
2754;Бобинная пряжа Ilaria S.R.L Calenzano FI Aurora 100, кидмохер/меринос/нейлон, 1000 м/100 гр;
2755;Бобинная пряжа Ilaria S.R.L Calenzano FI Aurora 100, кидмохер/меринос/нейлон, 1000 м/100 гр;
2756;Бобинная пряжа Ilaria S.R.L Calenzano FI Aurora 100, кидмохер/меринос/нейлон, 1000 м/100 гр;
2757;Бобинная пряжа Ilaria S.R.L Calenzano FI Aurora 100, кидмохер/меринос/нейлон, 1000 м/100 гр;
2758;Бобинная пряжа Camelot Melange от Lineapiu Italia spa, мохер/полиакрил/шерсть, 1500 м/100 г;
2759;Бобинная пряжа  Opaline / Кашемир 82% Люрекс 18% (голографический);
2792;Бобинная пряжа Biella Yarn Victoria, меринос, 1500 м/100 г;
2793;Бобинная пряжа New Mill spa Enterprise, шерсть/альпака/ПА, 700 м/100 г;
2794;Бобинная пряжа Zegna Baruffa Lane Borgosesia art. SuperGeelong, меринос, 1500 м/100 г;
2795;Бобинная пряжа Zegna Baruffa Lane Borgosesia art. SuperGeelong, меринос, 1500 м/100 г;
2796;Бобинная пряжа Zegna Baruffa Lane Borgosesia art. SuperGeelong, меринос, 1500 м/100 г;
2797;Бобинная пряжа Zegna Baruffa Lane Borgosesia art. SuperGeelong, меринос, 1500 м/100 г;
2798;Бобинная пряжа Zegna Baruffa Lane Borgosesia art. SuperGeelong, меринос, 1500 м/100 г;
2799;Бобинная пряжа Zegna Baruffa Lane Borgosesia art. SuperGeelong, меринос, 1500 м/100 г;
2800;Бобинная пряжа Zegna Baruffa Lane Borgosesia art. SuperGeelong, меринос, 1500 м/100 г;
2801;Бобинная пряжа Zegna Baruffa Lane Borgosesia art. SuperGeelong, меринос, 1500 м/100 г;
2802;Бобинная пряжа Zegna Baruffa Lane Borgosesia art. SuperGeelong, меринос, 1500 м/100 г;
2803;Бобинная пряжа Zegna Baruffa Lane Borgosesia art. SuperGeelong, меринос, 1500 м/100 г;
2804;Бобинная пряжа Zegna Baruffa Lane Borgosesia art. SuperGeelong, меринос, 1500 м/100 г;
2805;Бобинная пряжа Zegna Baruffa Lane Borgosesia art. SuperGeelong, меринос, 1500 м/100 г;
2806;Бобинная пряжа New Mill spa Jason, меринос/ангора, 2150 м/100 г;
2807;Бобинная пряжа New Mill spa Jason, меринос/ангора, 2150 м/100 г;
2808;Бобинная пряжа New Mill spa Jason, меринос/ангора, 2150 м/100 г;
2837;Бобинная пряжа New Mill spa Tyrell, меринос/вискоза/ПА/кашемир, 240 м/100 г;
2838;Бобинная пряжа New Mill spa Tyrell, меринос/вискоза/ПА/кашемир, 240 м/100 г;
2839;Бобинная пряжа New Mill spa Tyrell, меринос/вискоза/ПА/кашемир, 240 м/100 г;
2840;Бобинная пряжа New Mill spa Lama, шерсть/альпака/ПА, 700 м/100 г;
2841;Бобинная пряжа New Mill spa Lama, шерсть/альпака/ПА, 700 м/100 г;
2842;Бобинная пряжа Loro Piana art. Breeze, кашемир/меринос/шелк, 1200 м/100 г;
2843;Бобинная пряжа Cariaggi art. Jaipur, кашемир/шелк, 6000 м/100 г;
2844;Бобинная пряжа Cariaggi art. Jaipur, кашемир/шелк, 6000 м/100 г;
2845;Бобинная пряжа Cariaggi art. Jaipur, кашемир/шелк, 6000 м/100 г;
2846;Бобинная пряжа Cariaggi art. Jaipur, кашемир/шелк, 6000 м/100 г;
2847;Бобинная пряжа Millefilt spa art. Nouvelle, меринос экстрафайн/кашемир, 750 м/100 г;
2848;Бобинная пряжа  Hasegawa art. Angel, меринос/шелк/ангора/нейлон, 800 м/100 г;
2849;Бобинная пряжа  Hasegawa art. Angel, меринос/шелк/ангора/нейлон, 800 м/100 г;
2850;Бобинная пряжа G&G Filati art. Revieve, 100% кашемир, 625 м/100 г;
2851;Бобинная пряжа G&G Filati art. Revieve, 100% кашемир, 625 м/100 г;
2852;Бобинная пряжа G&G Filati art. Revieve, 100% кашемир, 625 м/100 г;
2853;Бобинная пряжа Loro Piana art. New onde soft, меринос/кашемир, 300 м/100 г;
2854;Бобинная пряжа Loro Piana art. New onde soft, меринос/кашемир, 300 м/100 г;
2855;Бобинная пряжа Loro Piana art. Sauvage, меринос/кашемир, 350 м/100 г;
2856;Бобинная пряжа Loro Piana art. Sauvage, меринос/кашемир, 350 м/100 г;
2857;Бобинная пряжа Loro Piana art. Sauvage, меринос/кашемир, 350 м/100 г;
2858;Бобинная пряжа Loro Piana art. Sauvage, меринос/кашемир, 350 м/100 г;
2859;Бобинная пряжа Loro Piana art. Sauvage, меринос/кашемир, 350 м/100 г;
2860;Бобинная пряжа Loro Piana art. Sauvage, меринос/кашемир, 250 м/100 г;
2862;Бобинная пряжа Buratti spa art. Bambi, буретный шелк/вискоза, 1500 м/100 г;
2863;Бобинная пряжа Buratti spa art. Bambi, буретный шелк/вискоза, 1500 м/100 г;
2865;Бобинная пряжа Filpucci ind. Filati art. Baby Camel Reverso, пух верблюжонка/меринос, 650 м/100 г;
2866;Бобинная пряжа Zegna Baruffa Lane Borgosesia art. Wooster, меринос экстрафайн/шелк, 1400 м/100 г;
2867;Бобинная пряжа Zegna Baruffa Lane Borgosesia art. Wooster, меринос экстрафайн/шелк, 1400 м/100 г;
2868;Бобинная пряжа Zegna Baruffa Lane Borgosesia art. Wooster, меринос экстрафайн/шелк, 1400 м/100 г;
2869;Бобинная пряжа  Filati Naturali art. Mongolian, пух верблюжонка/кашемир, 280 м/100 г;
2870;Бобинная пряжа  твид от Natural Fantasy, меринос/шелк/ангора/модал/ПА, 450 м/100 г;
2871;Бобинная пряжа  твид от Natural Fantasy, меринос/шелк/ангора/модал/ПА, 450 м/100 г;
2872;Бобинная пряжа  твид от Natural Fantasy, меринос/шелк/ангора/модал/ПА, 450 м/100 г;
2873;Бобинная пряжа Loro Piana art. New Tweed Coarsehair, 100% кашемир, 700 м/100 г;
2874;Бобинная пряжа Loro Piana art. Coarsehair, 100% кашемир, 550 м/100 г;
2875;Бобинная пряжа Loro Piana art. Coarsehair Tweed, 100% кашемир, 550 м/100 г;
2876;Бобинная пряжа Loro Piana art. Coarsehair, 100% кашемир, 550 м/100 г;
2889;Бобинная пряжа Loro Piana Cablelight Cashme, кашемир, 660 м/100 г;
2890;Бобинная пряжа Loro Piana  Cash Light Fine, 100% кашемир, 850 м/100 г;
2893;Бобинная пряжа Loro Piana Cablelight Cashme, кашемир, 660 м/100 г;
2896;Бобинная пряжа Casa Del Filato Ангора, ангора/полиамид, 800 м/100 г;
2897;Бобинная пряжа Casa Del Filato Ангора, ангора/полиамид, 800 м/100 г;
2898;Бобинная пряжа Casa Del Filato Ангора, ангора/полиамид, 800 м/100 г;
2914;Бобинная пряжа  Gruppo Filpucci art. Kidchine, кид-мохер/ПА/шерсть, 1500 м/100 г;
2915;Бобинная пряжа Biagioli Modesto art. Angora 80, ангора/полиамид, 850 м/100 г;
2926;Бобинная пряжа ирландский твид Soft Donegal (5506 Aqua), меринос, 380 м/100 г;
2927;Бобинная пряжа ирландский твид Soft Donegal (5513 Peat), меринос, 380 м/100 г;
2928;Бобинная пряжа ирландский твид Soft Donegal (5516 Wine), меринос, 380 м/100 г;
2929;Бобинная пряжа ирландский твид Soft Donegal (5527 Admiral), меринос, 380 м/100 г;
2930;Бобинная пряжа ирландский твид Soft Donegal (5538 Fitzgerald), меринос, 380 м/100 г;
2931;Бобинная пряжа ирландский твид Soft Donegal (5539 Skye), меринос, 380 м/100 г;
2932;Бобинная пряжа ирландский твид Soft Donegal (5535 Dusty Pink), меринос, 380 м/100 г;
2933;Бобинная пряжа ирландский твид Soft Donegal (5586 Jade), меринос, 380 м/100 г;
2934;Бобинная пряжа ирландский твид Soft Donegal (5526 Fuchsia), меринос, 380 м/100 г;
2935;Бобинная пряжа ирландский твид Soft Donegal (5531 Clifden), меринос, 380 м/100 г;
2936;Бобинная пряжа ирландский твид Soft Donegal (5567 Red), меринос, 380 м/100 г;
3026;Бобинная пряжа Lane Rossi Amico Soft , 100% меринос, 1500 м/100 г;
3027;Бобинная пряжа Lane Rossi Amico Soft , 100% меринос, 1500 м/100 г;
3028;Бобинная пряжа Lane Rossi Amico Soft , 100% меринос, 1500 м/100 г;
3029;Бобинная пряжа Lane Rossi Amico TEC , 100% меринос, 1500 м/100 г;
3030;Бобинная пряжа Lane Rossi Amico Soft , 100% меринос, 1500 м/100 г;
3040;Бобинная пряжа Velasquez, меринос/кашемир/акрил, 220 м/100 г;
3041;Бобинная пряжа Panno, меринос/полиамид, 200 м/100 г;
3042;Бобинная пряжа Panno, меринос/полиамид, 200 м/100 г;
3043;Бобинная пряжа Maura, меринос/хлопок, 150 м/100 г;
3044;Бобинная пряжа Maura, меринос/хлопок, 150 м/100 г;
3045;Бобинная пряжа Maura, меринос/хлопок, 150 м/100 г;
3046;Бобинная пряжа Maura, меринос/хлопок, 150 м/100 г;
3047;Бобинная пряжа Lana Seta, меринос/шёлк, 270 м/100 г;
3048;Бобинная пряжа Lana Seta, меринос/шёлк, 270 м/100 г;
3049;Бобинная пряжа Idea, меринос/кашемир/шелк, 320 м/100 г;
3050;Бобинная пряжа Diana, меринос/вискоза, 360 м/100 г;
3051;Бобинная пряжа Cristal, меринос/шёлк/кашемир, 260 м/100 г;
3052;Бобинная пряжа Cristal, меринос/шёлк/кашемир, 260 м/100 г;
3053;Бобинная пряжа Catenella WS, кашемир/меринос/акрил, 325 м/100 г;
3054;Бобинная пряжа Cashsetalana, меринос/шёлк/кашемир, 350 м/100 г;
3055;Бобинная пряжа Cashmere Silk, кашемир/шелк, 450 м/100 г;
3056;Бобинная пряжа Cariaggi, кашемир/шёлк/полиамид, 370 м/100 г;
3057;Бобинная пряжа Cariaggi, кашемир/шёлк/полиамид, 370 м/100 г;
3058;Бобинная пряжа Camel, меринос/полиамид/верблюжья шерсть, 400 м/100 г;
3059;Бобинная пряжа Camel, меринос/полиамид/верблюжья шерсть, 400 м/100 г;
3060;Бобинная пряжа Alibi, шерсть/альпака/акрил, 700 м/100 г;
3061;Ирландский твид-мохер Soft Donegal (2730 Atlantic mist), мохер/меринос, 400 м /100 г;
3062;Ирландский твид-мохер Soft Donegal (2729 Gorse), мохер/меринос, 400 м /100 г;
3063;Ирландский твид-мохер Soft Donegal (2717 Denim), мохер/меринос, 400 м /100 г;
3064;Ирландский твид-мохер Soft Donegal (2707 Nutty), мохер/меринос, 400 м /100 г;
3065;Ирландский твид-мохер Soft Donegal (2703 Otter), мохер/меринос, 400 м /100 г;
3066;Бобинная пряжа ирландский твид Soft Donegal (5548 Blue mist), меринос, 380 м/100 г;
3067;Бобинная пряжа ирландский твид Soft Donegal (5541 Lilac), меринос, 380 м/100 г;
3068;Бобинная пряжа ирландский твид Soft Donegal (5534 Mustard), меринос, 380 м/100 г;
3069;Бобинная пряжа ирландский твид Soft Donegal (5525 Siobhan), меринос, 380 м/100 г;
3070;Бобинная пряжа ирландский твид Soft Donegal (5510 Earth), меринос, 380 м/100 г;
3071;Бобинная пряжа ирландский твид Soft Donegal (5509 Silver), меринос, 380 м/100 г;
3072;Бобинная пряжа New Mill spa art. Brunei, кашемир, 250 м/100 г;
3073;Бобинная пряжа New Mill spa art. Birba, кашемир, 230 м/100 г;
3074;Бобинная пряжа New Mill spa art. Birba mouline, кашемир, 230 м/100 г;
3084;Бобинная пряжа New Mill spa art. Shuttle, альпака/шерсть/акрил, 175 м/100 г;
3085;Бобинная пряжа New Mill spa art. Shuttle, альпака/шерсть/акрил, 175 м/100 г;
3086;Бобинная пряжа New Mill spa art. Shuttle, альпака/шерсть/акрил, 175 м/100 г;
3087;Бобинная пряжа New Mill spa art. Shuttle, альпака/шерсть/акрил, 175 м/100 г;
3088;Бобинная пряжа New Mill spa art. Shuttle, альпака/шерсть/акрил, 175 м/100 г;
3089;Бобинная пряжа New Mill spa art. Bunny, шерсть/вискоза/ангора, 1500 м/100 г;
3090;Бобинная пряжа New Mill spa art. Bunny, шерсть/вискоза/ангора, 1500 м/100 г;
3091;Бобинная пряжа New Mill spa art. Harris, меринос/кашемир, 450 м/100 г;
3092;Бобинная пряжа New Mill spa art. Harris, меринос/кашемир, 450 м/100 г;
3093;Бобинная пряжа Fil-3 art. Bristol, шерсть/шелк/ПА, 620 м/100 г;
3094;Бобинная пряжа Fil-3 art. Bristol, шерсть/шелк/ПА, 620 м/100 г;
3095;Бобинная пряжа Fil-3 art. Bristol, шерсть/шелк/ПА, 620 м/100 г;
3096;Бобинная пряжа New Mill spa art. Tiffany colorato, шерсть/кашемир/вискоза/ПА, 800 м/100 г;
3097;Бобинная пряжа New Mill spa art. Tiffany colorato, шерсть/кашемир/вискоза/ПА, 800 м/100 г;
3098;Бобинная пряжа Lane Rossi Amico Soft , 100% меринос, 1500 м/100 г;
3099;Бобинная пряжа Lane Rossi Amico Soft , 100% меринос, 1500 м/100 г;
3100;Бобинная пряжа Lane Rossi Amico Soft , 100% меринос, 1500 м/100 г;
3101;Бобинная пряжа Lane Rossi Amico Soft , 100% меринос, 1500 м/100 г;
3102;Бобинная пряжа Lane Rossi Amico Soft , 100% меринос, 1500 м/100 г;
3103;Бобинная пряжа Lane Rossi Amico Soft , 100% меринос, 1500 м/100 г;
3104;Бобинная пряжа Lane Rossi Amico Soft , 100% меринос, 1500 м/100 г;
3105;Бобинная пряжа Lane Rossi Amico Soft , 100% меринос, 1500 м/100 г;
3106;Бобинная пряжа Lane Rossi  100% меринос, 1500 м/100 г;
3107;Бобинная пряжа Lane Rossi Amico Soft , 100% меринос, 1500 м/100 г;
3108;Бобинная пряжа Lane Rossi Amico Soft , 100% меринос, 1500 м/100 г;
3109;Бобинная пряжа Lane Rossi Amico Soft , 100% меринос, 1500 м/100 г;
3110;Бобинная пряжа Lane Rossi Amico Soft , 100% меринос, 1500 м/100 г;
3111;Бобинная пряжа Lane Rossi Amico Soft , 100% меринос, 1500 м/100 г;
3112;Бобинная пряжа Lane Rossi Amico Soft , 100% меринос, 1500 м/100 г;
3113;Бобинная пряжа Lane Rossi Amico Soft , 100% меринос, 1500 м/100 г;
3124;Бобинная пряжа Lanecardate spa art. Canberra, меринос экстрафайн, 1550 м/100 г;
3125;Бобинная пряжа Lineapiu Italia spa art. Naif, суперкидмохер/меринос/полиамид, 3500 м/100 гр;
3126;Бобинная пряжа Lineapiu Italia spa art. Naif, суперкидмохер/меринос/полиамид, 3500 м/100 гр;
3127;Бобинная пряжа Zegna Baruffa Cashwool 2/30, меринос, 1500 м/100 г;
3130;Бобинная пряжа Zegna Baruffa Cashwool 2/30, меринос, 1500 м/100 г;
3136;Бобинная пряжа Botto Poala art. Savil, меринос/шелк, 3000 м/100 г;
3137;Бобинная пряжа Biagioli Modesto art. Angora 80, ангора/полиамид, 850 м/100 г;
3138;Бобинная пряжа Biagioli Modesto art. Angora 80, ангора/полиамид, 850 м/100 г;
3139;Бобинная пряжа Ecafil art. Virginia plus, мохер/акрил/полиамид, 900 м/100 гр;
3140;Бобинная пряжа Ilaria S.R.L Calenzano FI Aurora 100, кидмохер/меринос/нейлон, 1000 м/100 гр;
3141;Бобинная пряжа  Filitaly-lab srt art. Vega, беби альпака/меринос/полиамид/люрекс, 800 м/100 г;
3174;Бобинная пряжа Lafil spa art. Love Alpaca, альпака/шерсть, 1250 м/100 г;
3175;Бобинная пряжа Fashion Mill spa art. Flou, меринос/полиакрил/эластан, 700 м/100 г;
3176;Бобинная пряжа Fashion Mill spa art. Souffle, меринос/полиакрил/PC, 360 м/100 г;
3177;Бобинная пряжа Fashion Mill spa art. Souffle, меринос/полиакрил/PC, 360 м/100 г;
3178;Бобинная пряжа Fashion Mill spa art. Ascot, меринос/вискоза, 450 м/100 г;
3179;Бобинная пряжа Fashion Mill spa art. Ascot, меринос/вискоза, 450 м/100 г;
3180;Бобинная пряжа Fashion Mill spa art. Ascot, меринос/вискоза, 450 м/100 г;
3181;Бобинная пряжа Fashion Mill spa art. Ascot, меринос/вискоза, 450 м/100 г;
3182;Бобинная пряжа Fashion Mill spa art. Ascot, меринос/вискоза, 450 м/100 г;
3183;Бобинная пряжа New Mill spa art. Raja, меринос/шелк/ПА, 400 м/100 г;
3184;Бобинная пряжа New Mill spa art. Raja, меринос/шелк/ПА, 400 м/100 г;
3185;Бобинная пряжа Filitaly-lab srl art. Clown, альпака/меринос/вискоза/ПА, 220 м/100 г;
3186;Бобинная пряжа Filitaly-lab srl art. Clown, альпака/меринос/вискоза/ПА, 220 м/100 г;
3187;Бобинная пряжа Filitaly-lab srl art. Clown, альпака/меринос/вискоза/ПА, 220 м/100 г;
3188;Бобинная пряжа Zegna Baruffa Lane Borgosesia art. Diamante, меринос/шелк/кашемир, 2600 м/100 г;
3189;Бобинная пряжа Zegna Baruffa Lane Borgosesia art. Diamante, меринос/шелк/кашемир, 1400 м/100 г;
3190;Бобинная пряжа Grace, меринос/шелк, 1600м/100 г;
3191;Бобинная пряжа Grace, меринос/шелк, 1600м/100 г;
3192;Бобинная пряжа Manrico spa art. F2014-0, кашемир/хлопок, 3000м/100 г;
3209;Бобинная пряжа Loro Piana art. Royal, кашемир/шелк, 2900 м/100 г;
3210;Бобинная пряжа Loro Piana art. Cash-soft, кашемир/кид-мохер, 2900 м/100 г;
3211;Бобинная пряжа Loro Piana art. Classic, кашемир/меринос/шелк, 2900 м/100 г;
3212;Бобинная пряжа Loro Piana art. Classic, кашемир/меринос/шелк, 2900 м/100 г;
3213;Бобинная пряжа Biagioli Modesto art. Cash 30, кашемир/меринос, 1300 м/100 г;
3214;Бобинная пряжа Cariaggi art. Jaipur, кашемир/шелк, 6000 м/100 г;
3215;Бобинная пряжа Botto Poala art. Gold, кашемир/шелк, 2400 м/100 г;
3216;Бобинная пряжа Botto Poala art. Gold, кашемир/шелк, 2400 м/100 г;
3217;Бобинная пряжа Cableug, кашемир, 333 м/100 г;
3218;Бобинная пряжа Cariaggi art. Cashmere, кашемир, 1400 м/100 г;
3219;Бобинная пряжа Manrico spa art. F2014-0, кашемир/хлопок, 3000м/100 г;
3220;Бобинная пряжа Manrico spa art. F1001, кашемир, 200м/100 г;
3221;Бобинная пряжа Cariaggi art. Jaipur, кашемир/шелк, 2800 м/100 г;
3222;Бобинная пряжа Cariaggi art. Soffio, кашемир, 3000 м/100 г;
3223;Бобинная пряжа Cariaggi art. Duetrentasei, кашемир, 1800 м/100 г;
3224;Бобинная пряжа Cariaggi art. Cashmere, кашемир, 2000 м/100 г;
3225;Бобинная пряжа Biagioli Modesto, кашемир, 250 м/100 г;
3226;Бобинная пряжа Biagioli Modesto art. Baby Samarkand, пух верблюда, 700 м/100 г;
3227;Бобинная пряжа Manrico spa art. F1008, кашемир, 2000м/100 г;
3228;Бобинная пряжа Manrico spa art. F1008, кашемир, 2000м/100 г. Бобина весом 500 гр.;
3229;Бобинная пряжа Lanecardate spa art. Katmandu, меринос/шелк/кашемир, 1400 м/100 г;
3230;Бобинная пряжа Manrico spa, кашемир, 2600 м/100 г;
3268;Бобинная пряжа art. Astoria, кашемир, 670 м/100 г;
3269;Бобинная пряжа Filati Power art. Calvia special, меринос/кашемир, 1500 м/100 г;
3270;Бобинная пряжа Сток Италия, шерсть/ПА, 1500 м/100 г;
3271;Бобинная пряжа Zegna Baruffa Lane Borgosesia art. Antheus, меринос/шелк, 2200 м/100 г;
3272;Бобинная пряжа Lanecardate art. Trebisonda, тонкая шерсть/кашемир, 1500 м/100 г;
3273;Бобинная пряжа Zegna Baruffa Lane Borgosesia art. SuperGeelong, меринос, 1500 м/100 г;
3274;Бобинная пряжа Фантазийная, ~100 м/100 г;
3275;Бобинная пряжа art. Tenerone, меринос/альпака/мохер/акрил, 200 м/100 г;
3276;Бобинная пряжа Manifattura Sesia art. Bunny, меринос/альпака/акрил, 150 м/100 г;
3277;Бобинная пряжа Pecci Filati art. Bellone, меринос/ПА/альпака, 90 м/100 г;
3278;Бобинная пряжа Pecci Filati art. Bellone, меринос/ПА/альпака, 90 м/100 г;
3279;Бобинная пряжа Pecci Filati art. Bellone, меринос/ПА/альпака, 90 м/100 г;
3280;Бобинная пряжа Filitaly LAB art. Puno Seta, беби альпака/меринос/шелк, 220 м/100 г;
3281;Бобинная пряжа Filitaly LAB art. Puno, беби альпака/меринос/ПА, 220 м/100 г;
3282;Бобинная пряжа Filitaly LAB art. Spritz, альпака/меринос/ПА, 220 м/100 г;
3283;Бобинная пряжа Filitaly LAB art. Puno, беби альпака/меринос/ПА, 220 м/100 г;
3284;Бобинная пряжа New Mill spa art. Nelson, мериносовая шерсть, 750 м/100 г;
3285;Бобинная пряжа Locheness, шерсть/ПА, 700 м/100 г;
3286;Бобинная пряжа Locheness, шерсть/ПА, 700 м/100 г;
3287;Бобинная пряжа Locheness, шерсть/ПА, 700 м/100 г;
3288;Бобинная пряжа New Mill spa art. Nelson, мериносовая шерсть, 1500 м/100 г;
3289;Бобинная пряжа New Mill spa art. Nelson, мериносовая шерсть, 1500 м/100 г;
3290;Бобинная пряжа New Mill spa art. Nelson, мериносовая шерсть, 750 м/100 г;
3291;Бобинная пряжа New Mill spa art. Nelson, мериносовая шерсть, 750 м/100 г;
3292;Бобинная пряжа Filitaly LAB art. Jolie, альпака/меринос/ПА, 220 м/100 г;
3293;Бобинная пряжа Pecci Filati art. SMARTIES (PAELLA), меринос/альпака/шелк, 350 м/100 г;
3294;Бобинная пряжа New Mill spa art. Harris, меринос/кашемир, 450 м/100 г;
3295;Бобинная пряжа New Mill spa art. Harris, меринос/кашемир, 450 м/100 г;
3296;Бобинная пряжа New Mill spa art. Harris, меринос/кашемир, 450 м/100 г;
3297;Бобинная пряжа New Mill spa art. Harris, меринос/кашемир, 450 м/100 г;
3306;Бобинная пряжа Хлопок Италия, хлопок, 500 м/100 г;
3307;Бобинная пряжа Альпака Сток Италия , альпака/меринос, 220 м/100 г;
3308;Бобинная пряжа art. Scout, мериносовая шерсть, 166 м/100 г;
3309;Бобинная пряжа Ecafil art. Trieste, шерсть, 200 м/100 г;
3310;Бобинная пряжа Cariaggi art. Antilope 216, мериносовая шерсть/люрекс, 1450 м/100 г;
3311;Бобинная пряжа Cariaggi art. Antilope 215, мериносовая шерсть/люрекс, 1700 м/100 г;
3312;Бобинная пряжа Manifattura Sesia art. Scotland, мериносовая шерсть, 1400 м/100 г;
3313;Бобинная пряжа Biagioli Modesto art. Cash 30, кашемир/меринос, 1300 м/100 г;
3314;Бобинная пряжа Maniffature Associate di Ponte Felcino, 100% кашемир, 1000 м/100 г;
3315;Бобинная пряжа Loro Piana art. Cash Light Fine, 100% кашемир, 850 м/100 г;
3316;Бобинная пряжа Loro Piana art. Coarsehair, 100% кашемир, 550 м/100 г;
3317;Бобинная пряжа Timoteo, акрил/мохер/шерсть, 350 м/100 г;
3318;Бобинная пряжа Timoteo, акрил/мохер/шерсть, 350 м/100 г;
3328;Бобинная пряжа Hasegawa art. HKA4990, шелк, 75 м/100 г;
3329;Бобинная пряжа Caress , альпака/меринос/полиамид, 400 м/100 г;
3330;Бобинная пряжа Caress , альпака/меринос/полиамид, 400 м/100 г;
3331;Бобинная пряжа Caress , альпака/меринос/полиамид, 400 м/100 г;
3332;Бобинная пряжа Zegna Baruffa Lane Borgosesia art. SuperGeelong, меринос, 1500 м/100 г;
3333;Бобинная пряжа Zegna Baruffa Lane Borgosesia art. SuperGeelong, меринос, 1500 м/100 г;
3334;Бобинная пряжа Zegna Baruffa Lane Borgosesia art. SuperGeelong, меринос, 1500 м/100 г;
3335;Бобинная пряжа  Manifattura Sesia art. Paris, кид-мохер/шелк/меринос, 1500 м/100 г;
3336;Бобинная пряжа Hasegawa art. HK4002, шелк, 640 м/100 г;
3337;Бобинная пряжа Hasegawa art. HK5057W, шелк, 400 м/100 г;
3338;Бобинная пряжа Hasegawa art. HK5057W, шелк, 400 м/100 г;
3339;Бобинная пряжа New Mill spa art. Harris, меринос/кашемир, 450 м/100 г;
3340;Бобинная пряжа New Mill spa art. Harris, меринос/кашемир, 450 м/100 г;
3341;Бобинная пряжа New Mill spa art. Harris, меринос/кашемир, 450 м/100 г;
3342;Бобинная пряжа New Mill spa art. Harris, меринос/кашемир, 450 м/100 г;
3343;Бобинная пряжа New Mill spa art. Harris, меринос/кашемир, 450 м/100 г;
3344;Бобинная пряжа New Mill spa art. Tundra, шерсть/шелк/ПА, 1500 м/100 г;
3345;Бобинная пряжа New Mill spa art. Tundra, шерсть/шелк/ПА, 1500 м/100 г;
3346;Бобинная пряжа New Mill spa art. Tundra, шерсть/шелк/ПА, 1500 м/100 г;
3347;Бобинная пряжа New Mill spa art. Tundra, шерсть/шелк/ПА, 1500 м/100 г;
3348;Бобинная пряжа New Mill spa art. Tundra, шерсть/шелк/ПА, 1500 м/100 г;
3349;Бобинная пряжа New Mill spa art. Nelson, мериносовая шерсть, 1500 м/100 г;
3350;Бобинная пряжа New Mill spa art. Nelson, мериносовая шерсть, 1500 м/100 г;
3351;Бобинная пряжа New Mill spa art. Nelson, мериносовая шерсть, 1500 м/100 г;
3352;Бобинная пряжа New Mill spa art. Nelson, мериносовая шерсть, 1500 м/100 г;
3353;Бобинная пряжа New Mill spa art. Nelson, мериносовая шерсть, 1500 м/100 г;
3354;Бобинная пряжа New Mill spa art. Nelson, мериносовая шерсть, 1500 м/100 г;
3355;Бобинная пряжа Альпака , альпака/шерсть/ПА, 180 м/100 г;
3356;Бобинная пряжа Casa del Filato Prato art. Casanova, кашемир/шерсть/вискоза/ангора, 1500 м/100 г;
3357;Бобинная пряжа Casa del Filato Prato art. Gipsy, кашемир/шерсть/вискоза/полиакрил, 1500 м/100 г;
3358;Бобинная пряжа Filitaly-Lab srt art. Sesia-Luxy, альпака/ПА/шерсть/ПЭ/люрекс, 220 м/100 г;
3359;Бобинная пряжа Lumiere, альпака/ПА/шерсть/люрекс, 380 м/100 г;
3360;Бобинная пряжа New Mill spa art. Victoria, шерсть/ПА, 450 м/100 г;
3361;Бобинная пряжа Locheness, шерсть/ПА, 700 м/100 г;
3362;Бобинная пряжа New Mill spa art. Victoria, шерсть/ПА, 450 м/100 г;
3363;Бобинная пряжа New Mill spa art. Victoria, шерсть/ПА, 450 м/100 г;
3364;Бобинная пряжа New Mill spa art. Victoria, шерсть/ПА, 450 м/100 г;
3365;Бобинная пряжа New Mill spa art. Victoria, шерсть/ПА, 450 м/100 г;
3366;Бобинная пряжа New Mill spa art. Victoria, шерсть/ПА, 450 м/100 г;
3367;Бобинная пряжа Loro Piana art. Sauvage, меринос/кашемир, 250 м/100 г;
3368;Бобинная пряжа Loro Piana art. Sauvage, меринос/кашемир, 250 м/100 г;
3369;Бобинная пряжа New Mill spa art. Tiffany colorato, шерсть/кашемир/вискоза/ПА, 800 м/100 г;
3370;Бобинная пряжа New Mill spa art. Tiffany colorato, шерсть/кашемир/вискоза/ПА, 800 м/100 г;
3371;Бобинная пряжа New Mill spa art. Tiffany colorato, шерсть/кашемир/вискоза/ПА, 800 м/100 г;
3395;Бобинная пряжа Zegna Baruffa Lane Borgosesia art. Evoke, меринос/кашемир, 1400 м/100 г;
3396;Бобинная пряжа Zegna Baruffa Lane Borgosesia art. Evoke, меринос/кашемир, 1400 м/100 г;
3397;Бобинная пряжа Zegna Baruffa Lane Borgosesia art. Evoke, меринос/кашемир, 1400 м/100 г;
3398;Бобинная пряжа Zegna Baruffa Lane Borgosesia art. Evoke, меринос/кашемир, 1400 м/100 г;
3399;Бобинная пряжа Zegna Baruffa Lane Borgosesia art. Evoke, меринос/кашемир, 1400 м/100 г;
3400;Бобинная пряжа Zegna Baruffa Lane Borgosesia art. Evoke, меринос/кашемир, 1400 м/100 г;
3401;Бобинная пряжа Италия, вискоза/меринос/ПА/люрекс, 1320 м/100 г;
3402;Бобинная пряжа New Mill art. Low Copper, вискоза/меринос/кашемир/ПА/люрекс, 1320 м/100 г;
3404;Бобинная пряжа букле Италия, меринос/полиамид, 200 м/100 г;
3405;Бобинная пряжа букле Lineapiu Italia S.P.A. art. Riccio, меринос/полиамид, 260 м/100 г;
3406;Бобинная пряжа Marchi & Fildi SPA art Holiday, хлопок/люрекс, 540 м/100 гр;
3407;Бобинная пряжа Color SRL art Delizia, хлопок/люрекс, 750 м/100 гр;
3408;Бобинная пряжа Color SRL art Lamina, меринос, 210 м/100 г;
3409;Бобинная пряжа GAMDEM, кашемир, 600 м/100 г;
3410;Бобинная пряжа Cotton Dakota, хлопок, ~400 м/100 гр;
3411;Бобинная пряжа лен/хлопок, Италия, 230 м/100 гр;
3412;Бобинная пряжа Hasegawa, хлопок, 750 м/100 гр;
3413;Бобинная пряжа Hasegawa, хлопок, 440 м/100 г;
3414;Бобинная пряжа Botto Jiuseppe, шелк/хлопок, 300 м/100 г;
3415;Бобинная пряжа Mali Botto Poala, шелк/хлопок, 100 м/100 г;
3416;Бобинная пряжа Softstar, шерсть/акрил, ~350 м/100 г;
3419;Пряжа  100% альпака, 650 м/100 г;
3429;Бобинная пряжа Shetland, шерсть, 350 м/100 г;
3430;Бобинная пряжа SuperGeelong Natural Fantasy, меринос, 850 м/100 г;
3431;Бобинная пряжа SuperGeelong Zegna Baruffa Lane Borgosesia, меринос, 1500 м/100 г;
3432;Бобинная пряжа SuperGeelong Zegna Baruffa Lane Borgosesia, меринос, 1500 м/100 г;
3433;Бобинная пряжа SuperGeelong Zegna Baruffa Lane Borgosesia, меринос, 1500 м/100 г;
3434;Бобинная пряжа  хлопок/эластан, 900 м/100 г;
3435;Бобинная пряжа Loro Piana Cablelight Cashme, кашемир, 660 м/100 г;
3436;Бобинная пряжа Loro Piana Cashmere, 100% кашемир, 1350 м/100 г;
3439;Бобинная пряжа Loro Piana Cablelight, кашемир, 660 м/100 г;
3440;Бобинная пряжа Cariaggi Soffio, кашемир, 2600 м/100 г;
3452;Бобинная пряжа Pecci Filati Guinness, альпака/кашемир, 325 м/100 г;
3453;Бобинная пряжа Cariaggi, кашемир, 1400 м/100 г;
3455;Бобинная пряжа Loden Cofil srl, шерсть/альпака/ПА, 375 м/100 г;
3513;Бобинная пряжа Loro Piana, 100% кашемир, 1350 м/100 г;
3517;Бобинная пряжа Prisma Ricerche, 100% кашемир, 1400 м/100 г;
3532;Бобинная пряжа Dover, 100 % хлопок, 330 м/100 г;
3533;Бобинная пряжа Fettuccia, 100 % хлопок, 330 м/100 г;
3534;Бобинная пряжа NEFERITE (Natural Fantasy), 100 %хлопок, 500 м/100 г;
3538;Бобинная пряжа Lineapiu FRIDA, хлопок/полиамид 140 м/100 г;
3541;Бобинная пряжа 100% хлопок, 300 м/100 г;
3542;Бобинная пряжа 100% хлопок, 750 м/100 г;
3570;Бобинная пряжа Wooltech Tollegno 1900, меринос, 800 м/100 г;
3571;Бобинная пряжа Zegna Baruffa Cashwool 2/30, меринос, 1500 м/100 г;
3573;Бобинная пряжа Alpasuri Tollegno 1900, 100% альпака, 650 м/100 г;
3574;Бобинная пряжа Camague, меринос, 750 м/100 г;
3577;Бобинная пряжа 100% Альпака, 210 м/100 г;
3579;Бобинная пряжа Sublime Filpucci, кид-мохер/шелк, 2000 м/100 г;
3581;Бобинная пряжа Gi.Bi.Ti.Flamme, 100% альпака, 1250 м/100 г;
3583;Бобинная пряжа Filitaly Lab Juliaca 2/14, альпака/меринос, 700 м/100 г;
3587;Бобинная пряжа Filitaly Lab Juliaca 2/14, альпака/меринос, 700 м/100 г;
3592;Бобинная пряжа Virgin Wool, меринос, 170 м/100 г;
3599;Бобинная пряжа MILLEFILI s.p.a. SuperLife, кашемир, 1500 м/100 г;
3604;Бобинная пряжа Cashmere Filati Biagioli Modesto, кашемир, 250 м/100 г;
3607;Бобинная пряжа Cashmere Filati Biagioli Modesto, кашемир, 280 м/100 г;
3609;Бобинная пряжа Todd&Duncan Syllalab, кашемир, 1400 м/100 г;
3610;Бобинная пряжа Brunello Overfit spa, меринос/альпака, 720 м/100 г;
3611;Бобинная пряжа Todd&Duncan Cashmere, кашемир, 1400 м/100 г;
3612;Бобинная пряжа Manifattura Sesia с люрексом, кид-мохер/шелк/па, 850 м/100 г;
3729;Бобинная пряжа Cariaggi PCKA166 Aran, кашемир, 600 м/100 г;
3735;Бобинная пряжа Cecilia, ангора/шерсть/нейлон, 420 м в 100 гр;
3738;Бобинная пряжа Ilaria S.R.L Calenzano FI Aurora 100, кидмохер/меринос/нейлон, 1000 м/100 гр;
3739;Бобинная пряжа Cariaggi Cashmere 2/46, кашемир, 2300 м/100 г;
3740;Бобинная пряжа Cariaggi Cashmere Donegal PSKS676, кашемир, 700 м/100 г;
3753;Бобинная пряжа Scozia Mel Filati Biagioli Modesto, кашемир, 160 м/100 г;
3802;Бобинная пряжа Альпака 100% , 2500 м/100 г;
3804;Бобинная пряжа Lana Gatto art Scout, меринос, 167 м/100 г;
3805;Бобинная пряжа New Jersey, меринос, 165 м/100 г;
3806;Бобинная пряжа Manifattura Sessia art Priamo, меринос, 250 м/100 г;
3893;Бобинная толстая пряжа, Италия, 100% меринос, 58 м/100 г;
3897;Бобинная пряжа Angora 80, ангора/шерсть/полиамид, 850 м/100 г.;
3904;Бобинная пряжа букле GI. TI. Filati art Jonas, акрил/меринос, 200 м/100 г;
3905;Бобинная пряжа букле COFIL ASTRA, акрил/меринос, 320 м/100 г;
3906;Бобинная пряжа букле COFIL srl art ESAGERATO, акрил/шерсть/мохер, 180 м/100 г;
3907;"Бобинная пряжа типа ""пудель"" Manifattura sesia art Unito, меринос, 150 м/100 гр";
3908;Бобинная пряжа букле Trocadero, шерсть ягненка/кашемир/ПА, 720 м/100 г;
3909;Бобинная пряжа букле NADINE, меринос/акрил/кидмохер, 180 м/100 г;
3910;Бобинная пряжа букле Zegna Baruffa Lane Borgosesia, меринос/альпака, 160 м/100 г;
3911;Ирландский твид-мохер Soft Donegal, мохер/меринос, 220 м /100 г;
3912;Бобинная пряжа ирландский твид Soft Donegal, меринос 380 м/100 г;
3917;Бобинная пряжа Tollegno 1900, меринос/кашемир, 1500 м/100 г;
3940;Бобинная пряжа Hasegawa HKA 1565, шелк/шерсть, 2400 м/100 г;
3947;Бобинная пряжа Botto Poala Dragon, шелк, 3000 м/100 г;
3949;Бобинная пряжа FILATI LAB art PUNO, бэйби-альпака/меринос, 220 м/100 г;
3951;Бобинная пряжа VIVIENNE Manifattura Sesia, кид-мохер/шелк, 850 м/100 г;
3960;Бобинная пряжа Cariaggi Cashemere 100, кашемир, 1400 м/100 г;
3963;Бобинная пряжа Cashemere Licht, кашемир, 2400 м/100 г;
4006;Бобинная пряжа Camelot Lineapiu, мохер/полиакрил/шерсть, 1500 м/100 г;
4009;Бобинная пряжа Mister Joe Zeus, мохер/полиамид/шерсть, 1000 м/100 г;
4058;Бобинная пряжа Burnieair (Бёрнэйр), меринос экстрафайн, 200 м/100 г;
4060;Бобинная пряжа Beta, меринос/кашемир/вискоза/акрил/ангора, 300 м/100 г;
4064;Бобинная пряжа Alpaca Reale, альпака/шерсть/ПА, 220 м/100 г;
4072;Бобинная пряжа New York, мохер/полиамид/полиэстер, 1600 м/100 г;
4105;Бобинная пряжа Lana Seta, меринос/шелк, 270 м/100 г;
4107;Бобинная пряжа Monamour, як/меринос/полиамид, 220 м/100 г;
4127;Бобинная пряжа Lana Eco, альпака/меринос, 700 м/100 г;
4134;Бобинная пряжа Zenith Sport Filati Biagioli Modesto, кашемир, 1030 м/100 г;
4203;Бобинная пряжа Loro Piana Coarsehair, кашемир, 550 м/100 г;
4232;Бобинная пряжа Kashi (Natura FANTASY), меринос, 58 м/100г;
4513;Пряжа Angora 70 (Ангора), ангора/шерсть/полиамид, 750 м/100 г.;
4613;Бобинная пряжа Babyssimo, роял беби альпака, 750 м/100 г;
4646;Бобинная пряжа Pandora, мохер/шерсть/полиамид, 220м/100 г;
4648;Бобинная пряжа Alfetta, мохер/шерсть/полиаммид, 290м/100 г;
4671;Бобинная пряжа Coarsehair,  кашемир, 550 м/100 г;
4802;Elegante;
4827;AZOTO;
4828;FRASSINO;
5021;Бобинная пряжа Loro Piana Coarsehair, кашемир, 550 м/100 г;
5023;Бобинная пряжа Loro Piana Coarsehair, кашемир, 550 м/100 г;
5025;Бобинная пряжа Loro Piana Coarsehair, кашемир, 550 м /100 г;
5027;Бобинная пряжа Loro Piana Coarsehair, кашемир, 550 м /100 г;
5029;Бобинная пряжа Loro Piana Coarsehair, кашемир, 550 м /100 г;
5031;Бобинная пряжа Loro Piana Coarsehair, кашемир, 550 м /100 г;
5033;Бобинная пряжа Loro Piana, Cash Light Fine, кашемир, 850 м/100 г;
5035;Бобинная пряжа Loro Piana Coarsehair, кашемир, 550 м /100 г ;
5036;Бобинная пряжа Loro Piana Coarsehair, 100% кашемир, 700 м/100 г;
5039;Бобинная пряжа Dorotex от Filatura Papi Fabio, меринос/кашемир, 2000 м/100 гр;
5040;Бобинная пряжа Dorotex от Filatura Papi Fabio, меринос/кашемир, 2000 м/100 гр;
5041;Бобинная пряжа Loro Piana art. Sauvage, меринос/кашемир, 250 м/100 г;
5042;Бобинная пряжа Loro Piana art. Sauvage, меринос/кашемир, 250 м/100 г;
5043;Бобинная пряжа Cariaggi Cashmere 2/28, кашемир, 1400 м/100 г;
5044;Бобинная пряжа Filati Naturali Italia, art. Snoopy, беби альпака сури/шелк/модал/полиамид, 400 м/100 г;
5045;Бобинная пряжа Filati Naturali Italia, art. Snoopy, беби альпака сури/шелк/модал/полиамид, 400 м/100 г;
5046;Бобинная пряжа Filati Naturali Italia, art. Snoopy, беби альпака сури/шелк/модал/полиамид, 400 м/100 г;
5048;Бобинная пряжа Soft Alpaca, альпака 700 м/100 г;
5049;Бобинная пряжа Inca Tops, art. Suri Yak, Сури беби/як беби, 800м/100г;
5050;Бобинная пряжа Inca Tops, art. Suri Yak, Сури беби/як беби, 800м/100г;
5051;бобинная пряжа Cariaggi art. Alpaca-cash, альпака/кашемир, 2400м/100г ;
5052;Бобинная пряжа Cariaggi, кашемир, 1400 м/100 г;
5053;Бобинная пряжа Biagioli Modesto, кашемир, 250 м/100 г;
5054;Бобинная пряжа Casa del filato prato-italy, Maya, кашемир/меринос 467м/100г;
5055;Бобинная пряжа Loro Piana art. NEW MIRASOFT, кашемир/шелк, 300 м/100 г;
5056;Бобинная пряжа Loro Piana art. NEW MIRASOFT, кашемир/шелк, 300 м/100 г;
5057;Бобинная пряжа Ilaria S.R.L Calenzano FI Aurora 100, кидмохер/меринос/нейлон, 1000 м/100 гр;
5058;Бобинная пряжа  Gruppo Filpucci industrie filati art. Kiddest, кид-мохер/шерсть/ПА, 1500 м/100 г;
5059;Бобинная пряжа Biagioli Modesto, Castagna, кашемир, 1400 м/100 г;
5062;Бобинная пряжа Prisma Ricerche, меринос/шелк/кашемир, 2600 м/100 г;
5063;Бобинная пряжа Prisma Ricerche, 100% кашемир, 1400 м/100 г;
5064;Сток, кашемир, 2/28, 1400м/100г;
5065;Сток, кашемир, 2/28, 1400м/100г;
5066;Бобинная пряжа Filati Biagioli modesto art. Tabby Special, ангора/ягненок/кашемир/ПА, 510м/100г;
5067;Бобинная пряжа Filati Biagioli modesto art. Tabby Special, ангора/ягненок/кашемир/ПА, 510м/100г;
5068;Бобинная пряжа Linsieme, art. Kirman, меринос/кашемир, 700м/100г;
5069;Бобинная пряжа IAFIL spa art. Soft Alpaca, альпака/меринос, 700 м/100 г;
5070;Бобинная пряжа Loro Piana, art. super Cash, кашемир, 2600м/100г;
5075;Бобинная пряжа Zegna Baruffa Lane Borgosesia art. SuperGeelong, меринос, 1500 м/100 г;
4796;Пряжа Norka, пух норки/козий пух, 350 м/50 г.;
4013;Пряжа Malabrigo Sock, меринос, 400 м/100 г;
4021;Пряжа Malabrigo Silkpaca, альпака/шелк, 385 м/50 г;
4026;Пряжа Malabrigo Rios, меринос, 192 м/100 г;
4029;Пряжа Malabrigo Dos Tierras, меринос/альпака бэби, 193 м/100 г;
4349;Пряжа Malabrigo Lace, бэйби меринос, 430 м/50 г;
4355;Пряжа Malabrigo Mechita, мериносовая шерсть, 385 м/100 г;
4629;Пряжа Malabrigo Mecha, мериносовая шерсть, 120 м/100 г;
4390;Пряжа Vita COCO, хлопок, 240 м/50 г;
2595;Бамбуковая подставка под спицы ChiaoGoo;
2596;Деревянное устройство для перематывания пряжи Chiaogoo;
2733;Маркеры для вязания в ассортименте;
2861;Интерьерная подушка - Прочь стереотипы! Вязание это модно!;
2864;Кольцо - счетчик рядов Knit Pro, нержавеющая сталь, диаметр 19 мм;
2877;Органайзер для съёмных спиц ChiaoGoo;
2906;Металлическая булавка для снятия петель Lana Grossa;
2907;Измерительная линейка Lana Grossa, 2 - 10 мм;
3298;"Брелок ""Passion"" /Увлечение/, металл/пластик";
3299;"Маркер для вязания ""Blooming Blue"" /Синее цветение/, пластик, 12шт  в упаковке";
3300;"Маркер для вязания ""Smileys"" /Смайлики/, пластик, 12 шт  в упаковке";
3372;Игла для шерсти Lana Grossa, 3 шт;
3373;Спицы для кос и аранов Lana Grossa, 2 шт, 2 - 5 мм;
3374;Спицы формы U  Lana Grossa, 2 шт, 2,5 - 4 мм;
3474;Иглы для пряжи, 3 штуки;
3475;Иглы для сшивания трикотажных изделий, пластик, зелёный/красный, 4 штуки в упаковке;
3494;"Маркировщик для вязания ""Tangerine"" /Мандарин/ пластик, 7шт в упаковке";
3506;Линейка круглая KnitPro для определения размера спиц;
3510;Папка-планшет KnitPro для чтения схем;
3543;Сумочка для рукодельницы KnitPro Joy;
3559;"Линейка KnitPro ""Слон"" для определения размера спиц с резаком для нити";
3562;Деревянный держатель для мотка ChiaoGoo;
3563;Линейка-калибратор для определения номера спиц и плотности вязания, ChiaoGoo;
3615;Органайзер для чулочных спиц или крючков ChiaoGoo;
3616;Органайзер для круговых спиц ChiaoGoo;
4005;Электронный счетчик рядов ADDI;
4137;Шаблон для носков, размер 41 + (L), пластик, синий;
4444;Линейка для определения номера спиц и плотности вязания, ChiaoGoo;
4589;Линейка для определения номера спиц и плотности вязания, KnitPro;
4590;Наконечники для спиц 2.5, 4.5-10 мм;
4591;Наконечники для спиц 4,5-10 мм;
4592;Шаблон для носков, размер 35-37,5, пластик, синий;
4593;"Маркировщик для вязания ""Amaranth"" /Амарант/ пластик, 7шт в упаковке";
4594;Машинка для намотки клубков, пластик/металл, белый/фиолетовый;
5071;Маркеры ChiaoGoo, Stitch Markers, 5-15 мм, 40 шт;
2937;Чулочные гибкие спицы AddiCraSyTrio супергладкие, 2-5 мм;
2940;Круговые спицы Addi супергладкие, 150 см, 2-15 мм;
2943;Круговые спицы Addi супергладкие, 120 см, 2-15 мм;
2946;Круговые спицы Addi супергладкие, 100 см, 2-15 мм;
2954;Круговые спицы Addi супергладкие, 80 см, 2-15 мм;
2962;Круговые спицы Addi супергладкие, 60 см, 2-15 мм;
2965;Круговые спицы Addi супергладкие, 50 см, 2-15 мм;
2973;Круговые спицы Addi супергладкие, 40 см, 2-15 мм;
2983;Круговые спицы Addi супергладкие, 25 см, 2-15 мм;
2985;Круговые спицы Addi супергладкие, 20 см, 2-15 мм;
2987;Круговые спицы Addi с удлиненным кончиком, 80 см, 2-8 мм;
2996;Круговые спицы Addi с удлиненным кончиком, 60 см, 2-8 мм;
3001;Круговые спицы Addi с удлиненным кончиком, 50 см, 2-8 мм;
3006;Круговые спицы Addi с удлиненным кончиком, 40 см, 2-8 мм;
3711;Круговые спицы Addi экстратонкие, 30-150 см/1,5-1,75 мм;
4464;Набор спиц ADDI CLICK BASIC;
2916;Спицы съемные KnitPro Cubics, 3-10 мм;
2919;Спицы KnitPro Nova Metal круговые, 25 см, 2-5 мм;
3443;Набор чулочных спиц KnitPro Zing, 20 см;
4561;Спицы чулочные KnitPro Symfonie, 20 см, 2,5-8 мм;
4575;Набор чулочных спиц KnitPro Zing, 15 см;
5015;Набор деревянных носочных спиц 15 см Symfonie Wood KnitPro;
3035;Короткие съемные спицы ChiaoGoo TWIST Short Combo, 1,5-3,25 мм;
3614;Ключ для съемных спиц ChiaoGoo;
3620;Держатели для закручивания съемных спиц ChiaoGoo;
3625;Набор ультратонких укороченных спиц ChiaoGoo Mini, 10 см;
3627;Леска ChiaoGoo TWIST, к стальным спицам, 20-125 см;
4446;Набор металлических укороченных спиц ChiaoGoo Small, 10 см;
3597;Бобинная пряжа CASH\30 Filati Biagioli Modesto, кашемир/меринос, 1500 м/100 г;
4662;Бобинная пряжа Idea, меринос/кашемир/шелк, 320 м/100 г;
4745;Бобинная пряжа Free L.G, мериносовая шерсть, 1400 м/100 г;
4783;Бобинная пряжа Angorlite,  меринос/ангора/кашемир/полиамид, 650 м/100 г;
3596;Бобинная пряжа Filati Biagioli Modesto, кашемир, 650 м/100 г;
3600;Бобинная пряжа Natural Fantasy TIBET, 100% кашемир, 1400 м/100 г;
3608;Кашемир 100%  Filati Biagioli Modesto, кашемир, 1400 м/100 г;
4641;Бобинная пряжа Aran, кашемир, 300 м/100 г;
4751;Бобинная пряжа Anya, кашемир/шелк, 440 м/ 100 г;
4654;Бобинная пряжа Caress (Каресс), альпака/шерсть/полиамид, 400 м/100 г;
4747;Бобинная пряжа Baby Camel, бейби верблюд, 700 м/100 г;
3254;Пряжа Illaria Sherlock, шерсть вирджин/шелк/хлопок, 150 м/50 г;
4595;Бобинная пряжа Lino, лен, 320 м/100 г;
5018;Бобинная пряжа Loro Piana, art. New Tweed Coarsehair, кашемир, 467 м/100 г;
3247;Пряжа Seam Alpaca Peruana, перуанская альпака, 167 м/50 г;
3250;Пряжа Seam Tweed Austria, шерсть/полиакрил, 200 м/100 г;
3252;Пряжа Seam New Tweed, мериносовая шерсть/вискоза, 160 м/50 г;
3988;Пряжа Seam Super Tagmahal, меринос/шелк/кашемир, 115 м/50 г;
3994;Пряжа Seam Champagne (Сеам Шампань), меринос/шелк, 165 м/50 г;
2761;Пряжа Rowan Felted Tweed Aran, шерсть/альпака/вискоза, 87 м/50 г;
2764;Пряжа Rowan Brushed Fleece, шерсть/альпака/полиамид, 105 м/50 г;
2767;Пряжа Rowan Pure Wool Worsted, шерсть, 200 м/100 г;
2772;Пряжа Rowan Fazed Tweed, шерсть/альпака/полиамид, 70 м/50 г;
2779;Пряжа Rowan Pure Wool Superwash DK, шерсть, 125 м/50 г;
2790;Пряжа Rowan Finest, меринос/альпака/кашемир, 87 м/25 г;
3807;Пряжа Rowan Fine Lace, альпака/шерсть, 400 м/50 г;
3809;Пряжа Rowan Hemp Tweed Chunky, шерсть/пенька, 110 м/100 г;
3813;Пряжа Rowan Big Wool Colour, шерсть/полиамид, 87 м/100 г;
3816;Пряжа Rowan All Seasons Chunky, хлопок/акрил, 85 м/100 г;
3818;Пряжа Rowan Colourspun, шерсть/полиамид/мохер, 135 м/50 г;
3820;Пряжа Rowan Panama, вискоза/хлопок/лён, 135 м/50 г;
3822;Пряжа Rowan Fine Art Aran, меринос/альпака/мохер/шелк, 170 м/100 г;
3827;Пряжа Rowan Fine Art, меринос/мохер/шелк/полиамид, 400 м/100 г;
3830;Пряжа Rowan Soffili Yak, нейлон/шерсть/альпака/як, 165 м/50 г;
3834;Пряжа Rowan Softest Merino Wool, меринос, 100 м/100 г;
3837;Пряжа Rowan Alpaca Colour, альпака, 120 м/50 г;
3842;Пряжа Rowan Mohair Haze, мохер/шерсть, 102 м/25 г;
3848;Пряжа Rowan Super Fine Merino Aran, меринос, 85 м/50 г;
3853;Пряжа Rowan Super Fine Merino DK, меринос, 115 м/50 г;
3871;Пряжа Rowan Revive, хлопок/шелк/вискоза, 125 м/50 г;
3888;Пряжа Rowan Fine Silk, шерсть/шелк/вискоза, 150 м/25 г;
3890;Пряжа Rowan Cocoon, меринос/кид-мохер, 115 м/100 г;
3899;Пряжа Rowan Kidsilk Haze (Кидсилк Хэйз), мохер/шелк, 210 м/25 г;
3902;Пряжа Rowan Kid Classic (Кид Классик), шерсть/мохер/полиамид, 140 м/50 г;
3858;Пряжа Dundaga (Дундага), шерсть, 550 м/100 г;
3839;"Набор бусин Swarovski ""Denim"", размер 4 мм, 200 шт в наборе";
3840;"Набор бусин Swarovski ""Moonlight"", размер 3-8 мм, 182 шт в наборе";
3841;"Набор бусин Swarovski ""Rose"", размер 3-8 мм, 182 шт в наборе";
3874;"Бусины Swarovski ""Classic"", размер 4 мм, 210 шт в упаковке";
3877;"Бусины Swarovski ""Classic"", размер 6 мм, 50 шт в упаковке";
3880;"Бусины Swarovski ""Classic"", размер 8 мм, 25 шт в упаковке";
3883;"Бусины Swarovski ""Classic"", размер 4мм, 100 шт в упаковке";
3024;Носочная пряжа Regia for Hand Dye 75 меринос 25 полиамид 420 м /100 гр;
3301;Носочная пряжа Denim Trend, шерсть/полиамид, 420 м/100 г;
3456;Носочная пряжа REGIA 8-fadig/8-ply , шерсть/полиамид, 300 м/150 г;
3463;Носочная пряжа Cotton, хлопок/полиамид/полиэстер, 420 м/100 г;
3467;Носочная пряжа Pairfect , шерсть/полиамид, 420 м/100 г;
3495;Носочная пряжа Tweed Color 4-fadig/4-ply, шерсть/полиамид/вискоза, 400 м/100 г;
3499;Носочная пряжа PAIRFECT DESIGN LINE 4-fadig/4-ply, шерсть/полиамид, 420 м/100 г;
3525;Носочная пряжа Design Line by Wool And The Gang, шерсть/полиамид, 320 м/80 г;
3261;Пряжа Illaria Arcobaleno, мериносовая шерсть, 190 м/50 г;
3264;Пряжа Illaria Angora foll, ангора/полиамид, 210 м/25 г;
3266;Пряжа Illaria Calzini, мериносовая шерсть/полиамид, 200 м/50 г;
3159;Пряжа Anny Blatt Angora Super, ангора/шерсть, 25 г/106 м;
3164;Пряжа Anny Blatt Angora Prestige, ангора, 25г/125м;
3170;Пряжа Anny Blatt Angora Absolu, ангора, 25г/125м;
3114;Набор (описания+пряжа ) носки Ромбы автор Наталья Гусева;
3119;"Набор ""Носки  Можжевельник"", автор Наталья Гусева";
3133;"Набор ""Шапка и рукавицы  Наби"", автор Мария Щербакова.";
3134;"Набор ""Рукавицы Наби"", автор Мария Щербакова.";
3135;"Набор ""Шапка Наби"", автор Мария Щербакова.";
4037;Пряжа Roma (Рим), шерсть/акрил/альпака/нейлон/шелк, 80 м/50 г;
4112;Пряжа Merino Yak, меринос/альпака/як, 115 м/50 г;
4958; пряжа Dolly Maxi, 100% шерсть 87 м/50 гр;
3025;Подарочный сертификат на сумму 1000 руб;
2575;Набор средств для стирки Eucalan , 5 шт по 100 мл;
2576;Средство для стирки Eucalan Eucalyptus (эвкалипт), 500 мл;
2577;Средство для стирки Eucalan Eucalyptus (эвкалипт), 100 мл;
2578;Средство для стирки Eucalan lavender (лаванда), 500 мл;
2579;Средство для стирки Eucalan lavender (лаванда), 100 мл;
2580;Средство для стирки Eucalan Grapefruit (грейпфрут), 500 мл;
2581;Средство для стирки Eucalan Grapefruit (грейпфрут), 100 мл;
2582;Средство для стирки Eucalan Neutral (нейтральный), 500 мл;
2583;Средство для стирки Eucalan Neutral (нейтральный), 100 мл;
2584;Средство для стирки Eucalan Jasmine (жасмин), 500 мл;
2585;Средство для стирки Eucalan Jasmine (жасмин), 100 мл;
2586;Средство для стирки Eucalan Jasmine (жасмин), 5 мл;
2587;Средство для стирки Eucalan Neutral (нейтральный), 5 мл;
2588;Средство для стирки Eucalan Grapefruit (грейпфрут), 5 мл;
2589;Средство для стирки Eucalan lavender (лаванда), 5 мл;
2590;Средство для стирки Eucalan Eucalyptus (эвкалипт), 5 мл;
4960;Пряжа Mondial Soave Lux, меринос экстрафайн, беби альпака,  микрофибра,  полиэстер металлик, 210м/50г;
